Time,Live_Nodes,Live_Percentage
0,10,100.0
1,10,100.0
2,10,100.0
3,10,100.0
4,10,100.0
5,10,100.0
6,10,100.0
7,10,100.0
8,10,100.0
9,10,100.0
10,10,100.0
11,10,100.0
12,10,100.0
13,10,100.0
14,10,100.0
15,10,100.0
16,10,100.0
17,10,100.0
18,10,100.0
19,10,100.0
20,10,100.0
21,10,100.0
22,10,100.0
23,10,100.0
24,10,100.0
25,10,100.0
26,10,100.0
27,10,100.0
28,10,100.0
29,10,100.0
30,10,100.0
31,10,100.0
32,10,100.0
33,10,100.0
34,10,100.0
35,10,100.0
36,10,100.0
37,10,100.0
38,10,100.0
39,10,100.0
40,10,100.0
41,10,100.0
42,10,100.0
43,10,100.0
44,10,100.0
45,10,100.0
46,10,100.0
47,10,100.0
48,10,100.0
49,10,100.0
50,10,100.0
51,10,100.0
52,10,100.0
53,10,100.0
54,10,100.0
55,10,100.0
56,10,100.0
57,10,100.0
58,10,100.0
59,10,100.0
60,10,100.0
61,10,100.0
62,10,100.0
63,10,100.0
64,10,100.0
65,10,100.0
66,10,100.0
67,10,100.0
68,10,100.0
69,10,100.0
70,10,100.0
71,10,100.0
72,10,100.0
73,10,100.0
74,10,100.0
75,10,100.0
76,10,100.0
77,10,100.0
78,10,100.0
79,10,100.0
80,10,100.0
81,10,100.0
82,10,100.0
83,10,100.0
84,10,100.0
85,10,100.0
86,10,100.0
87,10,100.0
88,10,100.0
89,10,100.0
90,10,100.0
91,10,100.0
92,10,100.0
93,10,100.0
94,10,100.0
95,10,100.0
96,10,100.0
97,10,100.0
98,10,100.0
99,10,100.0
100,10,100.0
101,10,100.0
102,10,100.0
103,10,100.0
104,10,100.0
105,10,100.0
106,10,100.0
107,10,100.0
108,10,100.0
109,10,100.0
110,10,100.0
111,10,100.0
112,10,100.0
113,10,100.0
114,10,100.0
115,10,100.0
116,10,100.0
117,10,100.0
118,10,100.0
119,10,100.0
120,10,100.0
121,10,100.0
122,10,100.0
123,10,100.0
124,10,100.0
125,10,100.0
126,10,100.0
127,10,100.0
128,10,100.0
129,10,100.0
130,10,100.0
131,10,100.0
132,10,100.0
133,10,100.0
134,10,100.0
135,10,100.0
136,10,100.0
137,10,100.0
138,10,100.0
139,10,100.0
140,10,100.0
141,10,100.0
142,10,100.0
143,10,100.0
144,10,100.0
145,10,100.0
146,10,100.0
147,10,100.0
148,10,100.0
149,10,100.0
150,10,100.0
151,10,100.0
152,10,100.0
153,10,100.0
154,10,100.0
155,10,100.0
156,10,100.0
157,10,100.0
158,10,100.0
159,10,100.0
160,10,100.0
161,10,100.0
162,10,100.0
163,10,100.0
164,10,100.0
165,10,100.0
166,10,100.0
167,10,100.0
168,10,100.0
169,10,100.0
170,10,100.0
171,10,100.0
172,10,100.0
173,10,100.0
174,10,100.0
175,10,100.0
176,10,100.0
177,10,100.0
178,10,100.0
179,10,100.0
180,10,100.0
181,10,100.0
182,10,100.0
183,10,100.0
184,10,100.0
185,10,100.0
186,10,100.0
187,10,100.0
188,10,100.0
189,10,100.0
190,10,100.0
191,10,100.0
192,10,100.0
193,10,100.0
194,10,100.0
195,10,100.0
196,10,100.0
197,10,100.0
198,10,100.0
199,10,100.0
200,10,100.0
201,10,100.0
202,10,100.0
203,10,100.0
204,10,100.0
205,10,100.0
206,10,100.0
207,10,100.0
208,10,100.0
209,10,100.0
210,10,100.0
211,10,100.0
212,10,100.0
213,10,100.0
214,10,100.0
215,10,100.0
216,10,100.0
217,10,100.0
218,10,100.0
219,10,100.0
220,10,100.0
221,10,100.0
222,10,100.0
223,10,100.0
224,10,100.0
225,10,100.0
226,10,100.0
227,10,100.0
228,10,100.0
229,10,100.0
230,10,100.0
231,10,100.0
232,10,100.0
233,10,100.0
234,10,100.0
235,10,100.0
236,10,100.0
237,10,100.0
238,10,100.0
239,10,100.0
240,10,100.0
241,10,100.0
242,10,100.0
243,10,100.0
244,10,100.0
245,10,100.0
246,10,100.0
247,10,100.0
248,10,100.0
249,10,100.0
250,10,100.0
251,10,100.0
252,10,100.0
253,10,100.0
254,10,100.0
255,10,100.0
256,10,100.0
257,10,100.0
258,10,100.0
259,10,100.0
260,10,100.0
261,10,100.0
262,10,100.0
263,10,100.0
264,10,100.0
265,10,100.0
266,10,100.0
267,10,100.0
268,10,100.0
269,10,100.0
270,10,100.0
271,10,100.0
272,10,100.0
273,10,100.0
274,10,100.0
275,10,100.0
276,10,100.0
277,10,100.0
278,10,100.0
279,10,100.0
280,10,100.0
281,10,100.0
282,10,100.0
283,10,100.0
284,10,100.0
285,10,100.0
286,10,100.0
287,10,100.0
288,10,100.0
289,10,100.0
290,10,100.0
291,10,100.0
292,10,100.0
293,10,100.0
294,10,100.0
295,10,100.0
296,10,100.0
297,10,100.0
298,10,100.0
299,10,100.0
300,10,100.0
301,10,100.0
302,10,100.0
303,10,100.0
304,10,100.0
305,10,100.0
306,10,100.0
307,10,100.0
308,10,100.0
309,10,100.0
310,10,100.0
311,10,100.0
312,10,100.0
313,10,100.0
314,10,100.0
315,10,100.0
316,10,100.0
317,10,100.0
318,10,100.0
319,10,100.0
320,10,100.0
321,10,100.0
322,10,100.0
323,10,100.0
324,10,100.0
325,10,100.0
326,10,100.0
327,10,100.0
328,10,100.0
329,10,100.0
330,10,100.0
331,10,100.0
332,10,100.0
333,10,100.0
334,10,100.0
335,10,100.0
336,10,100.0
337,10,100.0
338,10,100.0
339,10,100.0
340,10,100.0
341,10,100.0
342,10,100.0
343,10,100.0
344,10,100.0
345,10,100.0
346,10,100.0
347,10,100.0
348,10,100.0
349,10,100.0
350,10,100.0
351,10,100.0
352,10,100.0
353,10,100.0
354,10,100.0
355,10,100.0
356,10,100.0
357,10,100.0
358,10,100.0
359,10,100.0
360,10,100.0
361,10,100.0
362,10,100.0
363,10,100.0
364,10,100.0
365,10,100.0
366,10,100.0
367,10,100.0
368,10,100.0
369,10,100.0
370,10,100.0
371,10,100.0
372,10,100.0
373,10,100.0
374,10,100.0
375,10,100.0
376,10,100.0
377,10,100.0
378,10,100.0
379,10,100.0
380,10,100.0
381,10,100.0
382,10,100.0
383,10,100.0
384,10,100.0
385,10,100.0
386,10,100.0
387,10,100.0
388,10,100.0
389,10,100.0
390,10,100.0
391,10,100.0
392,10,100.0
393,10,100.0
394,10,100.0
395,10,100.0
396,10,100.0
397,10,100.0
398,10,100.0
399,10,100.0
400,10,100.0
401,10,100.0
402,10,100.0
403,10,100.0
404,10,100.0
405,10,100.0
406,10,100.0
407,10,100.0
408,10,100.0
409,10,100.0
410,10,100.0
411,10,100.0
412,10,100.0
413,10,100.0
414,10,100.0
415,10,100.0
416,10,100.0
417,10,100.0
418,10,100.0
419,10,100.0
420,10,100.0
421,10,100.0
422,10,100.0
423,10,100.0
424,10,100.0
425,10,100.0
426,10,100.0
427,10,100.0
428,10,100.0
429,10,100.0
430,10,100.0
431,10,100.0
432,10,100.0
433,10,100.0
434,10,100.0
435,10,100.0
436,10,100.0
437,10,100.0
438,10,100.0
439,10,100.0
440,10,100.0
441,10,100.0
442,10,100.0
443,10,100.0
444,10,100.0
445,10,100.0
446,10,100.0
447,10,100.0
448,10,100.0
449,10,100.0
450,10,100.0
451,10,100.0
452,10,100.0
453,10,100.0
454,10,100.0
455,10,100.0
456,10,100.0
457,10,100.0
458,10,100.0
459,10,100.0
460,10,100.0
461,10,100.0
462,10,100.0
463,10,100.0
464,10,100.0
465,10,100.0
466,10,100.0
467,10,100.0
468,10,100.0
469,10,100.0
470,10,100.0
471,10,100.0
472,10,100.0
473,10,100.0
474,10,100.0
475,10,100.0
476,10,100.0
477,10,100.0
478,10,100.0
479,10,100.0
480,10,100.0
481,10,100.0
482,10,100.0
483,10,100.0
484,10,100.0
485,10,100.0
486,10,100.0
487,10,100.0
488,10,100.0
489,10,100.0
490,10,100.0
491,10,100.0
492,10,100.0
493,10,100.0
494,10,100.0
495,10,100.0
496,10,100.0
497,10,100.0
498,10,100.0
499,10,100.0
500,10,100.0
501,10,100.0
502,10,100.0
503,10,100.0
504,10,100.0
505,10,100.0
506,10,100.0
507,10,100.0
508,10,100.0
509,10,100.0
510,10,100.0
511,10,100.0
512,10,100.0
513,10,100.0
514,10,100.0
515,10,100.0
516,10,100.0
517,10,100.0
518,10,100.0
519,10,100.0
520,10,100.0
521,10,100.0
522,10,100.0
523,10,100.0
524,10,100.0
525,10,100.0
526,10,100.0
527,10,100.0
528,10,100.0
529,10,100.0
530,10,100.0
531,10,100.0
532,10,100.0
533,10,100.0
534,10,100.0
535,10,100.0
536,10,100.0
537,10,100.0
538,10,100.0
539,10,100.0
540,10,100.0
541,10,100.0
542,10,100.0
543,10,100.0
544,10,100.0
545,10,100.0
546,10,100.0
547,10,100.0
548,10,100.0
549,10,100.0
550,10,100.0
551,10,100.0
552,10,100.0
553,10,100.0
554,10,100.0
555,10,100.0
556,10,100.0
557,10,100.0
558,10,100.0
559,10,100.0
560,10,100.0
561,10,100.0
562,10,100.0
563,10,100.0
564,10,100.0
565,10,100.0
566,10,100.0
567,10,100.0
568,10,100.0
569,10,100.0
570,10,100.0
571,10,100.0
572,10,100.0
573,10,100.0
574,10,100.0
575,10,100.0
576,10,100.0
577,10,100.0
578,10,100.0
579,10,100.0
580,10,100.0
581,10,100.0
582,10,100.0
583,10,100.0
584,10,100.0
585,10,100.0
586,10,100.0
587,10,100.0
588,10,100.0
589,10,100.0
590,10,100.0
591,10,100.0
592,10,100.0
593,10,100.0
594,10,100.0
595,10,100.0
596,10,100.0
597,10,100.0
598,10,100.0
599,10,100.0
600,10,100.0
601,10,100.0
602,10,100.0
603,10,100.0
604,10,100.0
605,10,100.0
606,10,100.0
607,10,100.0
608,10,100.0
609,10,100.0
610,10,100.0
611,10,100.0
612,10,100.0
613,10,100.0
614,10,100.0
615,10,100.0
616,10,100.0
617,10,100.0
618,10,100.0
619,10,100.0
620,10,100.0
621,10,100.0
622,10,100.0
623,10,100.0
624,10,100.0
625,10,100.0
626,10,100.0
627,10,100.0
628,10,100.0
629,10,100.0
630,10,100.0
631,10,100.0
632,10,100.0
633,10,100.0
634,10,100.0
635,10,100.0
636,10,100.0
637,10,100.0
638,10,100.0
639,10,100.0
640,10,100.0
641,10,100.0
642,10,100.0
643,10,100.0
644,10,100.0
645,10,100.0
646,10,100.0
647,10,100.0
648,10,100.0
649,10,100.0
650,10,100.0
651,10,100.0
652,10,100.0
653,10,100.0
654,10,100.0
655,10,100.0
656,10,100.0
657,10,100.0
658,10,100.0
659,10,100.0
660,10,100.0
661,10,100.0
662,10,100.0
663,10,100.0
664,10,100.0
665,10,100.0
666,10,100.0
667,10,100.0
668,10,100.0
669,10,100.0
670,10,100.0
671,10,100.0
672,10,100.0
673,10,100.0
674,10,100.0
675,10,100.0
676,10,100.0
677,10,100.0
678,10,100.0
679,10,100.0
680,10,100.0
681,10,100.0
682,10,100.0
683,10,100.0
684,10,100.0
685,10,100.0
686,10,100.0
687,10,100.0
688,10,100.0
689,10,100.0
690,10,100.0
691,10,100.0
692,10,100.0
693,10,100.0
694,10,100.0
695,10,100.0
696,10,100.0
697,10,100.0
698,10,100.0
699,10,100.0
700,10,100.0
701,10,100.0
702,10,100.0
703,10,100.0
704,10,100.0
705,10,100.0
706,10,100.0
707,10,100.0
708,10,100.0
709,10,100.0
710,10,100.0
711,10,100.0
712,10,100.0
713,10,100.0
714,10,100.0
715,10,100.0
716,10,100.0
717,10,100.0
718,10,100.0
719,10,100.0
720,10,100.0
721,10,100.0
722,10,100.0
723,10,100.0
724,10,100.0
725,10,100.0
726,10,100.0
727,10,100.0
728,10,100.0
729,10,100.0
730,10,100.0
731,10,100.0
732,10,100.0
733,10,100.0
734,10,100.0
735,10,100.0
736,10,100.0
737,10,100.0
738,10,100.0
739,10,100.0
740,10,100.0
741,10,100.0
742,10,100.0
743,10,100.0
744,10,100.0
745,10,100.0
746,10,100.0
747,10,100.0
748,10,100.0
749,10,100.0
750,10,100.0
751,10,100.0
752,10,100.0
753,10,100.0
754,10,100.0
755,10,100.0
756,10,100.0
757,10,100.0
758,10,100.0
759,10,100.0
760,10,100.0
761,10,100.0
762,10,100.0
763,10,100.0
764,10,100.0
765,10,100.0
766,10,100.0
767,10,100.0
768,10,100.0
769,10,100.0
770,10,100.0
771,10,100.0
772,10,100.0
773,10,100.0
774,10,100.0
775,10,100.0
776,10,100.0
777,10,100.0
778,10,100.0
779,10,100.0
780,10,100.0
781,10,100.0
782,10,100.0
783,10,100.0
784,10,100.0
785,10,100.0
786,10,100.0
787,10,100.0
788,10,100.0
789,10,100.0
790,10,100.0
791,10,100.0
792,10,100.0
793,10,100.0
794,10,100.0
795,10,100.0
796,10,100.0
797,10,100.0
798,10,100.0
799,10,100.0
800,10,100.0
801,10,100.0
802,10,100.0
803,10,100.0
804,10,100.0
805,10,100.0
806,10,100.0
807,10,100.0
808,10,100.0
809,10,100.0
810,10,100.0
811,10,100.0
812,10,100.0
813,10,100.0
814,10,100.0
815,10,100.0
816,10,100.0
817,10,100.0
818,10,100.0
819,10,100.0
820,10,100.0
821,10,100.0
822,10,100.0
823,10,100.0
824,10,100.0
825,10,100.0
826,10,100.0
827,10,100.0
828,10,100.0
829,10,100.0
830,10,100.0
831,10,100.0
832,10,100.0
833,10,100.0
834,10,100.0
835,10,100.0
836,10,100.0
837,10,100.0
838,10,100.0
839,10,100.0
840,10,100.0
841,10,100.0
842,10,100.0
843,10,100.0
844,10,100.0
845,10,100.0
846,10,100.0
847,10,100.0
848,10,100.0
849,10,100.0
850,10,100.0
851,10,100.0
852,10,100.0
853,10,100.0
854,10,100.0
855,10,100.0
856,10,100.0
857,10,100.0
858,10,100.0
859,10,100.0
860,10,100.0
861,10,100.0
862,10,100.0
863,10,100.0
864,10,100.0
865,10,100.0
866,10,100.0
867,10,100.0
868,10,100.0
869,10,100.0
870,10,100.0
871,10,100.0
872,10,100.0
873,10,100.0
874,10,100.0
875,10,100.0
876,10,100.0
877,10,100.0
878,10,100.0
879,10,100.0
880,10,100.0
881,10,100.0
882,10,100.0
883,10,100.0
884,10,100.0
885,10,100.0
886,10,100.0
887,10,100.0
888,10,100.0
889,10,100.0
890,10,100.0
891,10,100.0
892,10,100.0
893,10,100.0
894,10,100.0
895,10,100.0
896,10,100.0
897,10,100.0
898,10,100.0
899,10,100.0
900,10,100.0
901,10,100.0
902,10,100.0
903,10,100.0
904,10,100.0
905,10,100.0
906,10,100.0
907,10,100.0
908,10,100.0
909,10,100.0
910,10,100.0
911,10,100.0
912,10,100.0
913,10,100.0
914,10,100.0
915,10,100.0
916,10,100.0
917,10,100.0
918,10,100.0
919,10,100.0
920,10,100.0
921,10,100.0
922,10,100.0
923,10,100.0
924,10,100.0
925,10,100.0
926,10,100.0
927,10,100.0
928,10,100.0
929,10,100.0
930,10,100.0
931,10,100.0
932,10,100.0
933,10,100.0
934,10,100.0
935,10,100.0
936,10,100.0
937,10,100.0
938,10,100.0
939,10,100.0
940,10,100.0
941,10,100.0
942,10,100.0
943,10,100.0
944,10,100.0
945,10,100.0
946,10,100.0
947,10,100.0
948,10,100.0
949,10,100.0
950,10,100.0
951,10,100.0
952,10,100.0
953,10,100.0
954,10,100.0
955,10,100.0
956,10,100.0
957,10,100.0
958,10,100.0
959,10,100.0
960,10,100.0
961,10,100.0
962,10,100.0
963,10,100.0
964,10,100.0
965,10,100.0
966,10,100.0
967,10,100.0
968,10,100.0
969,10,100.0
970,10,100.0
971,10,100.0
972,10,100.0
973,10,100.0
974,10,100.0
975,10,100.0
976,10,100.0
977,10,100.0
978,10,100.0
979,10,100.0
980,10,100.0
981,10,100.0
982,10,100.0
983,10,100.0
984,10,100.0
985,10,100.0
986,10,100.0
987,10,100.0
988,10,100.0
989,10,100.0
990,10,100.0
991,10,100.0
992,10,100.0
993,10,100.0
994,10,100.0
995,10,100.0
996,10,100.0
997,10,100.0
998,10,100.0
999,10,100.0
1000,10,100.0
1001,10,100.0
1002,10,100.0
1003,10,100.0
1004,10,100.0
1005,10,100.0
1006,10,100.0
1007,10,100.0
1008,10,100.0
1009,10,100.0
1010,10,100.0
1011,10,100.0
1012,10,100.0
1013,10,100.0
1014,10,100.0
1015,10,100.0
1016,10,100.0
1017,10,100.0
1018,10,100.0
1019,10,100.0
1020,10,100.0
1021,10,100.0
1022,10,100.0
1023,10,100.0
1024,10,100.0
1025,10,100.0
1026,10,100.0
1027,10,100.0
1028,10,100.0
1029,10,100.0
1030,10,100.0
1031,10,100.0
1032,10,100.0
1033,10,100.0
1034,10,100.0
1035,10,100.0
1036,10,100.0
1037,10,100.0
1038,10,100.0
1039,10,100.0
1040,10,100.0
1041,10,100.0
1042,10,100.0
1043,10,100.0
1044,10,100.0
1045,10,100.0
1046,10,100.0
1047,10,100.0
1048,10,100.0
1049,10,100.0
1050,10,100.0
1051,10,100.0
1052,10,100.0
1053,10,100.0
1054,10,100.0
1055,10,100.0
1056,10,100.0
1057,10,100.0
1058,10,100.0
1059,10,100.0
1060,10,100.0
1061,10,100.0
1062,10,100.0
1063,10,100.0
1064,10,100.0
1065,10,100.0
1066,10,100.0
1067,10,100.0
1068,10,100.0
1069,10,100.0
1070,10,100.0
1071,10,100.0
1072,10,100.0
1073,10,100.0
1074,10,100.0
1075,10,100.0
1076,10,100.0
1077,10,100.0
1078,10,100.0
1079,10,100.0
1080,10,100.0
1081,10,100.0
1082,10,100.0
1083,10,100.0
1084,10,100.0
1085,10,100.0
1086,10,100.0
1087,10,100.0
1088,10,100.0
1089,10,100.0
1090,10,100.0
1091,10,100.0
1092,10,100.0
1093,10,100.0
1094,10,100.0
1095,10,100.0
1096,10,100.0
1097,10,100.0
1098,10,100.0
1099,10,100.0
1100,10,100.0
1101,10,100.0
1102,10,100.0
1103,10,100.0
1104,10,100.0
1105,10,100.0
1106,10,100.0
1107,10,100.0
1108,10,100.0
1109,10,100.0
1110,10,100.0
1111,10,100.0
1112,10,100.0
1113,10,100.0
1114,10,100.0
1115,10,100.0
1116,10,100.0
1117,10,100.0
1118,10,100.0
1119,10,100.0
1120,10,100.0
1121,10,100.0
1122,10,100.0
1123,10,100.0
1124,10,100.0
1125,10,100.0
1126,10,100.0
1127,10,100.0
1128,10,100.0
1129,10,100.0
1130,10,100.0
1131,10,100.0
1132,10,100.0
1133,10,100.0
1134,10,100.0
1135,10,100.0
1136,10,100.0
1137,10,100.0
1138,10,100.0
1139,10,100.0
1140,10,100.0
1141,10,100.0
1142,10,100.0
1143,10,100.0
1144,10,100.0
1145,10,100.0
1146,10,100.0
1147,10,100.0
1148,10,100.0
1149,10,100.0
1150,10,100.0
1151,10,100.0
1152,10,100.0
1153,10,100.0
1154,10,100.0
1155,10,100.0
1156,10,100.0
1157,10,100.0
1158,10,100.0
1159,10,100.0
1160,10,100.0
1161,10,100.0
1162,10,100.0
1163,10,100.0
1164,10,100.0
1165,10,100.0
1166,10,100.0
1167,10,100.0
1168,10,100.0
1169,10,100.0
1170,10,100.0
1171,10,100.0
1172,10,100.0
1173,10,100.0
1174,10,100.0
1175,10,100.0
1176,10,100.0
1177,10,100.0
1178,10,100.0
1179,10,100.0
1180,10,100.0
1181,10,100.0
1182,10,100.0
1183,10,100.0
1184,10,100.0
1185,10,100.0
1186,10,100.0
1187,10,100.0
1188,10,100.0
1189,10,100.0
1190,10,100.0
1191,10,100.0
1192,10,100.0
1193,10,100.0
1194,10,100.0
1195,10,100.0
1196,10,100.0
1197,10,100.0
1198,10,100.0
1199,10,100.0
1200,10,100.0
1201,10,100.0
1202,10,100.0
1203,10,100.0
1204,10,100.0
1205,10,100.0
1206,10,100.0
1207,10,100.0
1208,10,100.0
1209,10,100.0
1210,10,100.0
1211,10,100.0
1212,10,100.0
1213,10,100.0
1214,10,100.0
1215,10,100.0
1216,10,100.0
1217,10,100.0
1218,10,100.0
1219,10,100.0
1220,10,100.0
1221,10,100.0
1222,10,100.0
1223,10,100.0
1224,10,100.0
1225,10,100.0
1226,10,100.0
1227,10,100.0
1228,10,100.0
1229,10,100.0
1230,10,100.0
1231,10,100.0
1232,10,100.0
1233,10,100.0
1234,10,100.0
1235,10,100.0
1236,10,100.0
1237,10,100.0
1238,10,100.0
1239,10,100.0
1240,10,100.0
1241,10,100.0
1242,10,100.0
1243,10,100.0
1244,10,100.0
1245,10,100.0
1246,10,100.0
1247,10,100.0
1248,10,100.0
1249,10,100.0
1250,10,100.0
1251,10,100.0
1252,10,100.0
1253,10,100.0
1254,10,100.0
1255,10,100.0
1256,10,100.0
1257,10,100.0
1258,10,100.0
1259,10,100.0
1260,10,100.0
1261,10,100.0
1262,10,100.0
1263,10,100.0
1264,10,100.0
1265,10,100.0
1266,10,100.0
1267,10,100.0
1268,10,100.0
1269,10,100.0
1270,10,100.0
1271,10,100.0
1272,10,100.0
1273,10,100.0
1274,10,100.0
1275,10,100.0
1276,10,100.0
1277,10,100.0
1278,10,100.0
1279,10,100.0
1280,10,100.0
1281,10,100.0
1282,10,100.0
1283,10,100.0
1284,10,100.0
1285,10,100.0
1286,10,100.0
1287,10,100.0
1288,10,100.0
1289,10,100.0
1290,10,100.0
1291,10,100.0
1292,10,100.0
1293,10,100.0
1294,10,100.0
1295,10,100.0
1296,10,100.0
1297,10,100.0
1298,10,100.0
1299,10,100.0
1300,10,100.0
1301,10,100.0
1302,10,100.0
1303,10,100.0
1304,10,100.0
1305,10,100.0
1306,10,100.0
1307,10,100.0
1308,10,100.0
1309,10,100.0
1310,10,100.0
1311,10,100.0
1312,10,100.0
1313,10,100.0
1314,10,100.0
1315,10,100.0
1316,10,100.0
1317,10,100.0
1318,10,100.0
1319,10,100.0
1320,10,100.0
1321,10,100.0
1322,10,100.0
1323,10,100.0
1324,10,100.0
1325,10,100.0
1326,10,100.0
1327,10,100.0
1328,10,100.0
1329,10,100.0
1330,10,100.0
1331,10,100.0
1332,10,100.0
1333,10,100.0
1334,10,100.0
1335,10,100.0
1336,10,100.0
1337,10,100.0
1338,10,100.0
1339,10,100.0
1340,10,100.0
1341,10,100.0
1342,10,100.0
1343,10,100.0
1344,10,100.0
1345,10,100.0
1346,10,100.0
1347,10,100.0
1348,10,100.0
1349,10,100.0
1350,10,100.0
1351,10,100.0
1352,10,100.0
1353,10,100.0
1354,10,100.0
1355,10,100.0
1356,10,100.0
1357,10,100.0
1358,10,100.0
1359,10,100.0
1360,10,100.0
1361,10,100.0
1362,10,100.0
1363,10,100.0
1364,10,100.0
1365,10,100.0
1366,10,100.0
1367,10,100.0
1368,10,100.0
1369,10,100.0
1370,10,100.0
1371,10,100.0
1372,10,100.0
1373,10,100.0
1374,10,100.0
1375,10,100.0
1376,10,100.0
1377,10,100.0
1378,10,100.0
1379,10,100.0
1380,10,100.0
1381,10,100.0
1382,10,100.0
1383,10,100.0
1384,10,100.0
1385,10,100.0
1386,10,100.0
1387,10,100.0
1388,10,100.0
1389,10,100.0
1390,10,100.0
1391,10,100.0
1392,10,100.0
1393,10,100.0
1394,10,100.0
1395,10,100.0
1396,10,100.0
1397,10,100.0
1398,10,100.0
1399,10,100.0
1400,10,100.0
1401,10,100.0
1402,10,100.0
1403,10,100.0
1404,10,100.0
1405,10,100.0
1406,10,100.0
1407,10,100.0
1408,10,100.0
1409,10,100.0
1410,10,100.0
1411,10,100.0
1412,10,100.0
1413,10,100.0
1414,10,100.0
1415,10,100.0
1416,10,100.0
1417,10,100.0
1418,10,100.0
1419,10,100.0
1420,10,100.0
1421,10,100.0
1422,10,100.0
1423,10,100.0
1424,10,100.0
1425,10,100.0
1426,10,100.0
1427,10,100.0
1428,10,100.0
1429,10,100.0
1430,10,100.0
1431,10,100.0
1432,10,100.0
1433,10,100.0
1434,10,100.0
1435,10,100.0
1436,10,100.0
1437,10,100.0
1438,10,100.0
1439,10,100.0
1440,10,100.0
1441,10,100.0
1442,10,100.0
1443,10,100.0
1444,10,100.0
1445,10,100.0
1446,10,100.0
1447,10,100.0
1448,10,100.0
1449,10,100.0
1450,10,100.0
1451,10,100.0
1452,10,100.0
1453,10,100.0
1454,10,100.0
1455,10,100.0
1456,10,100.0
1457,10,100.0
1458,10,100.0
1459,10,100.0
1460,10,100.0
1461,10,100.0
1462,10,100.0
1463,10,100.0
1464,10,100.0
1465,10,100.0
1466,10,100.0
1467,10,100.0
1468,10,100.0
1469,10,100.0
1470,10,100.0
1471,10,100.0
1472,10,100.0
1473,10,100.0
1474,10,100.0
1475,10,100.0
1476,10,100.0
1477,10,100.0
1478,10,100.0
1479,10,100.0
1480,10,100.0
1481,10,100.0
1482,10,100.0
1483,10,100.0
1484,10,100.0
1485,10,100.0
1486,10,100.0
1487,10,100.0
1488,10,100.0
1489,10,100.0
1490,10,100.0
1491,10,100.0
1492,10,100.0
1493,10,100.0
1494,10,100.0
1495,10,100.0
1496,10,100.0
1497,10,100.0
1498,10,100.0
1499,10,100.0
1500,10,100.0
1501,10,100.0
1502,10,100.0
1503,10,100.0
1504,10,100.0
1505,10,100.0
1506,10,100.0
1507,10,100.0
1508,10,100.0
1509,10,100.0
1510,10,100.0
1511,10,100.0
1512,10,100.0
1513,10,100.0
1514,10,100.0
1515,10,100.0
1516,10,100.0
1517,10,100.0
1518,10,100.0
1519,10,100.0
1520,10,100.0
1521,10,100.0
1522,10,100.0
1523,10,100.0
1524,10,100.0
1525,9,90.0
1526,9,90.0
1527,9,90.0
1528,9,90.0
1529,9,90.0
1530,9,90.0
1531,9,90.0
1532,9,90.0
1533,9,90.0
1534,9,90.0
1535,9,90.0
1536,9,90.0
1537,9,90.0
1538,9,90.0
1539,9,90.0
1540,9,90.0
1541,9,90.0
1542,9,90.0
1543,9,90.0
1544,9,90.0
1545,9,90.0
1546,9,90.0
1547,9,90.0
1548,9,90.0
1549,9,90.0
1550,9,90.0
1551,9,90.0
1552,9,90.0
1553,9,90.0
1554,9,90.0
1555,9,90.0
1556,9,90.0
1557,9,90.0
1558,9,90.0
1559,9,90.0
1560,9,90.0
1561,9,90.0
1562,9,90.0
1563,9,90.0
1564,9,90.0
1565,9,90.0
1566,9,90.0
1567,9,90.0
1568,9,90.0
1569,9,90.0
1570,9,90.0
1571,9,90.0
1572,9,90.0
1573,9,90.0
1574,9,90.0
1575,9,90.0
1576,9,90.0
1577,9,90.0
1578,9,90.0
1579,9,90.0
1580,9,90.0
1581,9,90.0
1582,9,90.0
1583,9,90.0
1584,9,90.0
1585,9,90.0
1586,9,90.0
1587,8,80.0
1588,8,80.0
1589,8,80.0
1590,8,80.0
1591,8,80.0
1592,8,80.0
1593,8,80.0
1594,8,80.0
1595,8,80.0
1596,8,80.0
1597,8,80.0
1598,8,80.0
1599,8,80.0
1600,8,80.0
1601,8,80.0
1602,8,80.0
1603,8,80.0
1604,8,80.0
1605,8,80.0
1606,8,80.0
1607,8,80.0
1608,8,80.0
1609,8,80.0
1610,8,80.0
1611,8,80.0
1612,8,80.0
1613,8,80.0
1614,8,80.0
1615,8,80.0
1616,8,80.0
1617,8,80.0
1618,8,80.0
1619,8,80.0
1620,8,80.0
1621,8,80.0
1622,8,80.0
1623,8,80.0
1624,8,80.0
1625,8,80.0
1626,8,80.0
1627,8,80.0
1628,8,80.0
1629,8,80.0
1630,8,80.0
1631,8,80.0
1632,8,80.0
1633,8,80.0
1634,8,80.0
1635,8,80.0
1636,8,80.0
1637,8,80.0
1638,8,80.0
1639,8,80.0
1640,8,80.0
1641,8,80.0
1642,8,80.0
1643,8,80.0
1644,8,80.0
1645,8,80.0
1646,8,80.0
1647,8,80.0
1648,8,80.0
1649,8,80.0
1650,7,70.0
1651,7,70.0
1652,7,70.0
1653,7,70.0
1654,7,70.0
1655,7,70.0
1656,7,70.0
1657,7,70.0
1658,7,70.0
1659,7,70.0
1660,7,70.0
1661,7,70.0
1662,7,70.0
1663,7,70.0
1664,7,70.0
1665,7,70.0
1666,7,70.0
1667,7,70.0
1668,7,70.0
1669,7,70.0
1670,7,70.0
1671,7,70.0
1672,7,70.0
1673,7,70.0
1674,7,70.0
1675,7,70.0
1676,7,70.0
1677,7,70.0
1678,7,70.0
1679,7,70.0
1680,7,70.0
1681,7,70.0
1682,7,70.0
1683,7,70.0
1684,7,70.0
1685,7,70.0
1686,7,70.0
1687,7,70.0
1688,7,70.0
1689,7,70.0
1690,7,70.0
1691,7,70.0
1692,7,70.0
1693,7,70.0
1694,7,70.0
1695,7,70.0
1696,7,70.0
1697,7,70.0
1698,7,70.0
1699,7,70.0
1700,7,70.0
1701,7,70.0
1702,7,70.0
1703,7,70.0
1704,7,70.0
1705,7,70.0
1706,7,70.0
1707,7,70.0
1708,7,70.0
1709,7,70.0
1710,7,70.0
1711,7,70.0
1712,7,70.0
1713,7,70.0
1714,7,70.0
1715,7,70.0
1716,7,70.0
1717,7,70.0
1718,7,70.0
1719,7,70.0
1720,7,70.0
1721,7,70.0
1722,7,70.0
1723,7,70.0
1724,7,70.0
1725,7,70.0
1726,6,60.0
1727,6,60.0
1728,6,60.0
1729,6,60.0
1730,6,60.0
1731,6,60.0
1732,6,60.0
1733,6,60.0
1734,6,60.0
1735,6,60.0
1736,6,60.0
1737,6,60.0
1738,6,60.0
1739,6,60.0
1740,6,60.0
1741,6,60.0
1742,6,60.0
1743,6,60.0
1744,6,60.0
1745,6,60.0
1746,6,60.0
1747,6,60.0
1748,6,60.0
1749,6,60.0
1750,6,60.0
1751,6,60.0
1752,6,60.0
1753,6,60.0
1754,6,60.0
1755,6,60.0
1756,6,60.0
1757,6,60.0
1758,6,60.0
1759,6,60.0
1760,6,60.0
1761,6,60.0
1762,6,60.0
1763,6,60.0
1764,6,60.0
1765,6,60.0
1766,6,60.0
1767,6,60.0
1768,6,60.0
1769,6,60.0
1770,6,60.0
1771,6,60.0
1772,6,60.0
1773,6,60.0
1774,6,60.0
1775,6,60.0
1776,6,60.0
1777,6,60.0
1778,6,60.0
1779,6,60.0
1780,6,60.0
1781,6,60.0
1782,6,60.0
1783,6,60.0
1784,6,60.0
1785,6,60.0
1786,6,60.0
1787,6,60.0
1788,6,60.0
1789,6,60.0
1790,6,60.0
1791,6,60.0
1792,6,60.0
1793,6,60.0
1794,6,60.0
1795,6,60.0
1796,6,60.0
1797,6,60.0
1798,6,60.0
1799,6,60.0
1800,6,60.0
1801,6,60.0
1802,6,60.0
1803,5,50.0
1804,5,50.0
1805,5,50.0
1806,5,50.0
1807,5,50.0
1808,5,50.0
1809,5,50.0
1810,5,50.0
1811,5,50.0
1812,5,50.0
1813,5,50.0
1814,5,50.0
1815,5,50.0
1816,5,50.0
1817,5,50.0
1818,5,50.0
1819,5,50.0
1820,5,50.0
1821,5,50.0
1822,5,50.0
1823,5,50.0
1824,5,50.0
1825,5,50.0
1826,5,50.0
1827,5,50.0
1828,5,50.0
1829,5,50.0
1830,5,50.0
1831,5,50.0
1832,5,50.0
1833,5,50.0
1834,5,50.0
1835,5,50.0
1836,5,50.0
1837,5,50.0
1838,5,50.0
1839,5,50.0
1840,5,50.0
1841,5,50.0
1842,5,50.0
1843,5,50.0
1844,5,50.0
1845,5,50.0
1846,5,50.0
1847,5,50.0
1848,5,50.0
1849,5,50.0
1850,5,50.0
1851,5,50.0
1852,5,50.0
1853,5,50.0
1854,5,50.0
1855,5,50.0
1856,5,50.0
1857,5,50.0
1858,5,50.0
1859,5,50.0
1860,5,50.0
1861,5,50.0
1862,5,50.0
1863,5,50.0
1864,5,50.0
1865,5,50.0
1866,5,50.0
1867,5,50.0
1868,5,50.0
1869,5,50.0
1870,5,50.0
1871,5,50.0
1872,5,50.0
1873,5,50.0
1874,5,50.0
1875,5,50.0
1876,5,50.0
1877,5,50.0
1878,5,50.0
1879,5,50.0
1880,5,50.0
1881,5,50.0
1882,5,50.0
1883,5,50.0
1884,5,50.0
1885,5,50.0
1886,5,50.0
1887,5,50.0
1888,5,50.0
1889,4,40.0
1890,4,40.0
1891,4,40.0
1892,4,40.0
1893,4,40.0
1894,4,40.0
1895,4,40.0
1896,4,40.0
1897,4,40.0
1898,4,40.0
1899,4,40.0
1900,4,40.0
1901,4,40.0
1902,4,40.0
1903,4,40.0
1904,4,40.0
1905,4,40.0
1906,4,40.0
1907,4,40.0
1908,4,40.0
1909,4,40.0
1910,4,40.0
1911,4,40.0
1912,4,40.0
1913,3,30.0
1914,3,30.0
1915,3,30.0
1916,3,30.0
1917,3,30.0
1918,3,30.0
1919,3,30.0
1920,3,30.0
1921,3,30.0
1922,3,30.0
1923,3,30.0
1924,3,30.0
1925,3,30.0
1926,3,30.0
1927,3,30.0
1928,3,30.0
1929,3,30.0
1930,3,30.0
1931,3,30.0
1932,3,30.0
1933,3,30.0
1934,3,30.0
1935,3,30.0
1936,3,30.0
1937,3,30.0
1938,3,30.0
1939,3,30.0
1940,3,30.0
1941,3,30.0
1942,3,30.0
1943,3,30.0
1944,3,30.0
1945,3,30.0
1946,3,30.0
1947,3,30.0
1948,3,30.0
1949,3,30.0
1950,3,30.0
1951,3,30.0
1952,3,30.0
1953,3,30.0
1954,3,30.0
1955,3,30.0
1956,3,30.0
1957,3,30.0
1958,3,30.0
1959,3,30.0
1960,3,30.0
1961,3,30.0
1962,3,30.0
1963,3,30.0
1964,3,30.0
1965,3,30.0
1966,3,30.0
1967,3,30.0
1968,3,30.0
1969,3,30.0
1970,3,30.0
1971,3,30.0
1972,3,30.0
1973,3,30.0
1974,3,30.0
1975,3,30.0
1976,3,30.0
1977,3,30.0
1978,3,30.0
1979,3,30.0
1980,3,30.0
1981,3,30.0
1982,3,30.0
1983,3,30.0
1984,3,30.0
1985,3,30.0
1986,3,30.0
1987,3,30.0
1988,3,30.0
1989,3,30.0
1990,3,30.0
1991,3,30.0
1992,3,30.0
1993,3,30.0
1994,3,30.0
1995,3,30.0
1996,3,30.0
1997,3,30.0
1998,3,30.0
1999,3,30.0
2000,3,30.0
2001,3,30.0
2002,3,30.0
2003,3,30.0
2004,3,30.0
2005,3,30.0
2006,3,30.0
2007,3,30.0
2008,3,30.0
2009,3,30.0
2010,3,30.0
2011,3,30.0
2012,3,30.0
2013,3,30.0
2014,3,30.0
2015,3,30.0
2016,3,30.0
2017,3,30.0
2018,3,30.0
2019,3,30.0
2020,3,30.0
2021,3,30.0
2022,3,30.0
2023,2,20.0
2024,2,20.0
2025,2,20.0
2026,2,20.0
2027,2,20.0
2028,2,20.0
2029,2,20.0
2030,2,20.0
2031,1,10.0
2032,1,10.0
2033,1,10.0
2034,1,10.0
2035,1,10.0
2036,1,10.0
2037,1,10.0
2038,1,10.0
2039,1,10.0
2040,1,10.0
2041,1,10.0
2042,1,10.0
2043,1,10.0
2044,1,10.0
2045,1,10.0
2046,1,10.0
2047,1,10.0
2048,1,10.0
2049,1,10.0
2050,1,10.0
2051,1,10.0
2052,1,10.0
2053,0,0.0
