Time,Live_Node_Percentage,Total_Energy,Packets_Received,Active_Nodes
0,100.0,29894.923670525677,0,100
1,100.0,29879.85166884049,0,100
2,100.0,29864.80618014741,0,100
3,100.0,29849.656775702024,0,100
4,100.0,29834.61899119998,0,100
5,100.0,29819.811727534543,0,100
6,100.0,29804.848512338755,0,100
7,100.0,29789.792772002533,0,100
8,100.0,29774.654685674977,0,100
9,100.0,29759.937340886245,0,100
10,100.0,29745.00812326797,0,40
11,100.0,29734.045635540406,0,40
12,100.0,29723.495748793284,0,40
13,100.0,29712.666499866777,0,40
14,100.0,29701.978629541616,0,40
15,100.0,29690.99625397876,0,40
16,100.0,29680.113768177427,0,40
17,100.0,29669.390042500276,0,40
18,100.0,29658.583677938917,0,40
19,100.0,29647.844156926858,0,40
20,100.0,29637.00949555032,0,40
21,100.0,29626.294086682494,0,40
22,100.0,29615.53644814781,0,40
23,100.0,29604.78900979219,0,40
24,100.0,29593.841332315627,0,40
25,100.0,29583.047458358797,0,40
26,100.0,29572.090857002317,0,40
27,100.0,29561.09777427485,0,40
28,100.0,29550.366415388748,0,40
29,100.0,29539.665551628757,0,40
30,100.0,29528.86082951199,0,40
31,100.0,29518.02715482938,0,100
32,100.0,29503.021814126638,0,100
33,100.0,29488.174573028766,0,100
34,100.0,29473.071072878985,0,100
35,100.0,29458.078116264984,0,100
36,100.0,29443.019815553707,0,100
37,100.0,29427.854323022788,0,100
38,100.0,29412.768568056374,0,100
39,100.0,29397.967078077607,0,100
40,100.0,29382.959148942497,0,100
41,100.0,29368.13908729171,0,40
42,100.0,29357.469909023774,0,40
43,100.0,29346.831392141496,0,40
44,100.0,29335.953087084254,0,40
45,100.0,29325.081325142575,0,40
46,100.0,29314.39238812732,0,40
47,100.0,29303.568346448872,0,40
48,100.0,29292.67710331871,0,40
49,100.0,29281.789095581036,0,40
50,100.0,29270.93857839292,0,40
51,100.0,29260.133615094073,0,40
52,100.0,29249.452255290842,0,40
53,100.0,29238.58352077273,0,40
54,100.0,29227.59096508176,0,40
55,100.0,29216.735020168664,0,40
56,100.0,29205.838540622994,0,40
57,100.0,29195.113753834034,0,40
58,100.0,29184.13989556684,0,40
59,100.0,29173.359110175596,0,40
60,100.0,29162.545705317996,0,40
61,100.0,29151.616398823448,0,100
62,100.0,29136.442424366836,0,100
63,100.0,29121.339202284566,0,100
64,100.0,29106.28434402215,0,100
65,100.0,29091.132475582905,0,100
66,100.0,29076.11906800279,0,100
67,100.0,29061.03127035357,0,100
68,100.0,29045.99833228335,0,100
69,100.0,29030.89350106377,0,100
70,100.0,29015.88259987965,0,100
71,100.0,29000.906853215773,0,40
72,100.0,28990.27137537266,0,40
73,100.0,28979.519523850046,0,40
74,100.0,28968.77308827233,0,40
75,100.0,28958.09129456657,0,40
76,100.0,28947.25837470956,0,40
77,100.0,28936.5123044153,0,40
78,100.0,28925.780381306653,0,40
79,100.0,28915.0276143174,0,40
80,100.0,28904.118506356484,0,40
81,100.0,28893.32496966086,0,40
82,100.0,28882.583886245913,0,40
83,100.0,28871.742664040707,0,40
84,100.0,28861.07233507827,0,40
85,100.0,28850.26232321632,0,40
86,100.0,28839.478461582323,0,40
87,100.0,28828.666341588898,0,40
88,100.0,28817.89894625779,0,40
89,100.0,28807.06431382177,0,40
90,100.0,28796.12725232817,0,40
91,100.0,28785.25599792168,0,100
92,100.0,28770.328731320973,0,100
93,100.0,28755.371110582197,0,100
94,100.0,28740.52946409212,0,100
95,100.0,28725.598457712942,0,100
96,100.0,28710.597574466407,0,100
97,100.0,28695.38731967901,0,100
98,100.0,28680.509780769637,0,100
99,100.0,28665.521250993428,0,100
100,100.0,28650.42623885389,0,100
101,100.0,28635.45502185697,0,40
102,100.0,28624.678078411616,0,40
103,100.0,28613.883842576743,0,40
104,100.0,28603.004971303122,0,40
105,100.0,28592.16511840793,0,40
106,100.0,28581.539153359143,0,40
107,100.0,28571.03954803073,0,40
108,100.0,28560.281440542585,0,40
109,100.0,28549.572531130976,0,40
110,100.0,28538.921107701568,0,40
111,100.0,28528.130108483092,0,40
112,100.0,28517.41014278151,0,40
113,100.0,28506.706004509204,0,40
114,100.0,28495.918427596785,0,40
115,100.0,28485.060955592693,0,40
116,100.0,28474.24040992506,0,40
117,100.0,28463.22289115546,0,40
118,100.0,28452.356468098405,0,40
119,100.0,28441.446452347223,0,40
120,100.0,28430.63028448881,0,40
121,100.0,28419.797612379472,0,100
122,100.0,28404.848505210815,0,100
123,100.0,28390.023924203488,0,100
124,100.0,28375.140021034786,0,100
125,100.0,28359.88307795605,0,100
126,100.0,28344.652947418286,0,100
127,100.0,28329.63347652707,0,100
128,100.0,28314.691846188944,0,100
129,100.0,28299.52522408523,0,100
130,100.0,28284.495067751235,0,100
131,100.0,28269.558904175337,0,40
132,100.0,28258.727003030977,0,40
133,100.0,28247.78014482215,0,40
134,100.0,28236.9876754316,0,40
135,100.0,28226.373292911816,0,40
136,100.0,28215.545020775477,0,40
137,100.0,28204.732893860695,0,40
138,100.0,28193.96637202232,0,40
139,100.0,28183.147955039807,0,40
140,100.0,28172.336493413393,0,40
141,100.0,28161.43277810978,0,40
142,100.0,28150.754310490927,0,40
143,100.0,28140.016944449482,0,40
144,100.0,28129.128787522008,0,40
145,100.0,28118.504618994637,0,40
146,100.0,28107.807520001425,0,40
147,100.0,28096.952528932055,0,40
148,100.0,28086.208094631435,0,40
149,100.0,28075.22295875191,0,40
150,100.0,28064.503679818976,0,40
151,100.0,28053.880546926997,0,100
152,100.0,28039.00833062493,0,100
153,100.0,28024.15418050163,0,100
154,100.0,28009.078918892752,0,100
155,100.0,27994.20321128455,0,100
156,100.0,27979.26041776203,0,100
157,100.0,27964.354892408326,0,100
158,100.0,27949.416495960828,0,100
159,100.0,27934.537564330214,0,100
160,100.0,27919.668561476636,0,100
161,100.0,27904.52868664867,0,40
162,100.0,27893.759946453378,0,40
163,100.0,27883.050338476685,0,40
164,100.0,27872.31200074234,0,40
165,100.0,27861.436632373396,0,40
166,100.0,27850.68967783538,0,40
167,100.0,27839.812235244644,0,40
168,100.0,27828.783725026165,0,40
169,100.0,27818.096844762436,0,40
170,100.0,27807.42308080828,0,40
171,100.0,27796.791089510767,0,40
172,100.0,27786.175869062667,0,40
173,100.0,27775.27242386687,0,40
174,100.0,27764.657291689764,0,40
175,100.0,27754.04944941113,0,40
176,100.0,27743.213167162165,0,40
177,100.0,27732.416496215897,0,40
178,100.0,27721.560178270327,0,40
179,100.0,27710.709426976875,0,40
180,100.0,27700.017317838498,0,40
181,100.0,27689.030796171126,0,100
182,100.0,27673.82237501352,0,100
183,100.0,27658.654986909594,0,100
184,100.0,27643.788162796332,0,100
185,100.0,27628.812900253502,0,100
186,100.0,27613.86407439663,0,100
187,100.0,27598.93616146917,0,100
188,100.0,27583.96160450244,0,100
189,100.0,27568.93364481688,0,100
190,100.0,27553.926193889536,0,100
191,100.0,27539.149284574625,0,40
192,100.0,27528.187900038734,0,40
193,100.0,27517.507932171262,0,40
194,100.0,27506.777450880658,0,40
195,100.0,27495.919131821665,0,40
196,100.0,27485.005101430383,0,40
197,100.0,27474.14533384312,0,40
198,100.0,27463.331494934588,0,40
199,100.0,27452.59357660479,0,40
200,100.0,27441.71187904428,0,40
201,100.0,27430.85517468902,0,40
202,100.0,27420.061197330557,0,40
203,100.0,27409.177307904545,0,40
204,100.0,27398.339134381116,0,40
205,100.0,27387.453231854885,0,40
206,100.0,27376.588549899032,0,40
207,100.0,27365.77375700796,0,40
208,100.0,27354.884403937645,0,40
209,100.0,27344.203338377356,0,40
210,100.0,27333.3856372807,0,40
211,100.0,27322.631456357918,0,100
212,100.0,27307.381093994565,0,100
213,100.0,27292.414888159376,0,100
214,100.0,27277.462178634185,0,100
215,100.0,27262.44887242814,0,100
216,100.0,27247.567854425255,0,100
217,100.0,27232.593981972484,0,100
218,100.0,27217.985320093234,0,100
219,100.0,27202.862234260552,0,100
220,100.0,27187.782619901358,0,100
221,100.0,27172.85142729846,0,40
222,100.0,27162.13626588698,0,40
223,100.0,27151.390328450798,0,40
224,100.0,27140.558594173173,0,40
225,100.0,27129.739217483733,0,40
226,100.0,27118.978794533374,0,40
227,100.0,27108.185809874463,0,40
228,100.0,27097.36854602799,0,40
229,100.0,27086.60623147317,0,40
230,100.0,27075.798016239423,0,40
231,100.0,27065.101567272424,0,40
232,100.0,27054.06866383623,0,40
233,100.0,27043.378463156892,0,40
234,100.0,27032.492714967975,0,40
235,100.0,27021.50002277412,0,40
236,100.0,27010.780326779543,0,40
237,100.0,26999.919052043144,0,40
238,100.0,26989.00608349519,0,40
239,100.0,26978.280770282476,0,40
240,100.0,26967.528584550266,0,40
241,100.0,26956.86449951466,0,100
242,100.0,26941.897840980087,0,100
243,100.0,26926.855203406183,0,100
244,100.0,26911.937374344798,0,100
245,100.0,26896.649909602278,0,100
246,100.0,26881.518861971465,0,100
247,100.0,26866.537640871884,0,100
248,100.0,26851.567789856028,0,100
249,100.0,26836.670160776986,0,100
250,100.0,26821.692964081525,0,100
251,100.0,26806.648130913083,0,40
252,100.0,26795.88998827842,0,40
253,100.0,26785.136543073015,0,40
254,100.0,26774.380044053905,0,40
255,100.0,26763.593210601226,0,40
256,100.0,26752.820374472438,0,40
257,100.0,26742.08151471647,0,40
258,100.0,26731.4277644081,0,40
259,100.0,26720.681297360952,0,40
260,100.0,26710.02875368055,0,40
261,100.0,26699.38036489408,0,40
262,100.0,26688.56118508741,0,40
263,100.0,26677.576264303352,0,40
264,100.0,26666.812000268666,0,40
265,100.0,26656.043693456348,0,40
266,100.0,26645.32164357005,0,40
267,100.0,26634.706003067415,0,40
268,100.0,26623.69483838885,0,40
269,100.0,26612.978941806025,0,40
270,100.0,26602.17955402827,0,40
271,100.0,26591.3045335419,0,100
272,100.0,26576.420362831406,0,100
273,100.0,26561.370242239253,0,100
274,100.0,26546.129047403123,0,100
275,100.0,26531.098421445793,0,100
276,100.0,26515.963303956494,0,100
277,100.0,26500.75129296693,0,100
278,100.0,26485.460576646354,0,100
279,100.0,26470.148283582945,0,100
280,100.0,26455.199732658068,0,100
281,100.0,26440.20253211711,0,40
282,100.0,26429.47256208197,0,40
283,100.0,26418.568353545255,0,40
284,100.0,26407.75411977845,0,40
285,100.0,26396.98091830647,0,40
286,100.0,26386.08962709916,0,40
287,100.0,26375.251664973344,0,40
288,100.0,26364.37946336913,0,40
289,100.0,26353.6634974458,0,40
290,100.0,26342.97541044914,0,40
291,100.0,26332.077906272603,0,40
292,100.0,26321.25799374222,0,40
293,100.0,26310.305019824773,0,40
294,100.0,26299.397207585713,0,40
295,100.0,26288.572344256234,0,40
296,100.0,26277.96510880468,0,40
297,100.0,26267.207381173554,0,40
298,100.0,26256.27804942642,0,40
299,100.0,26245.43496134513,0,40
300,100.0,26234.651557816163,0,40
301,100.0,26222.141317890484,0,100
302,100.0,26207.14443994752,0,100
303,100.0,26192.1458720005,0,100
304,100.0,26177.098185554845,0,100
305,100.0,26162.21568405643,0,100
306,100.0,26147.05149893892,0,100
307,100.0,26131.961692449786,0,100
308,100.0,26116.69129099882,0,100
309,100.0,26101.483266619787,0,100
310,100.0,26086.631281444552,0,74
311,100.0,26073.351335940668,0,40
312,100.0,26062.578116134537,0,40
313,100.0,26051.77047524969,0,40
314,100.0,26040.957967755476,0,40
315,100.0,26030.206179149867,0,40
316,100.0,26019.568773456387,0,40
317,100.0,26008.545694019045,0,40
318,100.0,25997.71583122535,0,40
319,100.0,25986.772197666556,0,40
320,100.0,25975.86509923257,0,40
321,100.0,25965.10283536183,0,40
322,100.0,25954.04804076,0,40
323,100.0,25943.33511017017,0,40
324,100.0,25932.58506116103,0,40
325,100.0,25921.787837038602,0,40
326,100.0,25910.99474914053,0,40
327,100.0,25900.12624170774,0,40
328,100.0,25889.256072526503,0,40
329,100.0,25878.391096865696,0,40
330,100.0,25867.408122700905,0,40
331,100.0,25856.71630463931,0,100
332,100.0,25841.70113936896,0,100
333,100.0,25826.838034226945,0,100
334,100.0,25811.807417998527,0,100
335,100.0,25796.892986521398,0,100
336,100.0,25782.211068399363,0,100
337,100.0,25767.022256170112,0,100
338,100.0,25751.747165858276,0,100
339,100.0,25736.899059798223,0,100
340,100.0,25721.922622751652,0,100
341,100.0,25706.895359789552,0,40
342,100.0,25696.143451339794,0,40
343,100.0,25685.124666146752,0,40
344,100.0,25674.41659694294,0,40
345,100.0,25663.64157305501,0,40
346,100.0,25652.97332477555,0,40
347,100.0,25642.14412991067,0,40
348,100.0,25631.22243780442,0,40
349,100.0,25620.38915426369,0,40
350,100.0,25609.447154982543,0,40
351,100.0,25598.549509610726,0,40
352,100.0,25587.636129533894,0,40
353,100.0,25576.971199815525,0,40
354,100.0,25566.09054676192,0,40
355,100.0,25555.184880052864,0,40
356,100.0,25544.46621212777,0,40
357,100.0,25533.8461512107,0,40
358,100.0,25523.12209713568,0,40
359,100.0,25512.389118732477,0,40
360,100.0,25501.584315572858,0,40
361,100.0,25490.81588775651,0,100
362,100.0,25472.938768161035,0,100
363,100.0,25453.066009039932,0,100
364,100.0,25433.381273213923,0,100
365,100.0,25415.31110929268,0,100
366,100.0,25398.81834688546,0,100
367,100.0,25379.052343904932,0,100
368,100.0,25359.321971833087,0,100
369,100.0,25341.007281434526,0,100
370,100.0,25322.84936875175,0,100
371,100.0,25302.88290677677,0,43
372,100.0,25288.82692277939,0,43
373,100.0,25276.273375181438,0,43
374,100.0,25260.542706173368,0,43
375,100.0,25246.22357550781,0,43
376,100.0,25230.200044971043,0,43
377,100.0,25215.917698258916,0,43
378,100.0,25203.216501775496,0,43
379,100.0,25189.07986504087,0,43
380,100.0,25175.087115491006,0,43
381,100.0,25160.677556988558,0,43
382,100.0,25148.03575965316,0,43
383,100.0,25134.133697307603,0,43
384,100.0,25123.054620947532,0,43
385,100.0,25110.455218870487,0,43
386,100.0,25096.15315774034,0,43
387,100.0,25083.589299948777,0,43
388,100.0,25071.065302842977,0,43
389,100.0,25056.75814179646,0,43
390,100.0,25044.093261499143,0,43
391,100.0,25031.28925837067,0,100
392,100.0,25012.932561633417,0,100
393,100.0,24994.660986510662,0,99
394,100.0,24976.842855443203,0,99
395,100.0,24958.451476917064,0,99
396,100.0,24942.029102063294,0,99
397,100.0,24923.886856105328,0,99
398,100.0,24907.248954403352,0,99
399,100.0,24890.546011254824,0,99
400,100.0,24874.018726275062,0,99
401,100.0,24859.08078439326,0,42
402,100.0,24848.167417382123,0,42
403,100.0,24835.55863726659,0,42
404,100.0,24823.23612353421,0,42
405,100.0,24809.218967456516,0,42
406,100.0,24798.278860074264,0,42
407,100.0,24785.906830953485,0,42
408,100.0,24773.304108164433,0,42
409,100.0,24762.412377930366,0,42
410,100.0,24751.415235707394,0,42
411,100.0,24738.892665945477,0,42
412,100.0,24726.29198213657,0,42
413,100.0,24713.726514867103,0,42
414,100.0,24702.88654281592,0,42
415,100.0,24692.013182449795,0,41
416,100.0,24681.16490686821,0,41
417,100.0,24670.316748981728,0,41
418,100.0,24659.490654195226,0,41
419,100.0,24648.690905565854,0,41
420,100.0,24637.775209700772,0,41
421,100.0,24626.809607840885,0,100
422,100.0,24610.10831721176,0,100
423,100.0,24595.151947020455,0,100
424,100.0,24580.07555892748,0,100
425,100.0,24565.04931143557,0,100
426,100.0,24549.966344818007,0,100
427,100.0,24535.03441265608,0,100
428,100.0,24519.857973891507,0,100
429,100.0,24504.81153460043,0,100
430,100.0,24489.584027199955,0,100
431,100.0,24474.489842848434,0,41
432,100.0,24463.631457603893,0,40
433,100.0,24452.90478948553,0,40
434,100.0,24442.10406313931,0,40
435,100.0,24431.2476265245,0,40
436,100.0,24420.22184351791,0,40
437,100.0,24409.249710928536,0,40
438,100.0,24398.446396094714,0,40
439,100.0,24387.702067396818,0,40
440,100.0,24376.964749276172,0,40
441,100.0,24366.199756104383,0,40
442,100.0,24355.41472654706,0,40
443,100.0,24344.636149066402,0,40
444,100.0,24334.00340759119,0,40
445,100.0,24322.99745408485,0,40
446,100.0,24312.1518602899,0,40
447,100.0,24301.54799652407,0,40
448,100.0,24290.61756003537,0,40
449,100.0,24279.72818784227,0,40
450,100.0,24268.925320245387,0,40
451,100.0,24258.058137145854,0,100
452,100.0,24241.316275246085,0,100
453,100.0,24223.34401293562,0,100
454,100.0,24205.17543414719,0,100
455,100.0,24185.434688820565,0,100
456,100.0,24167.321236858625,0,100
457,100.0,24147.751214796706,0,100
458,100.0,24129.606301648324,0,100
459,100.0,24111.357002894492,0,100
460,100.0,24091.469018071228,0,100
461,100.0,24073.371926242617,0,43
462,100.0,24057.634601933667,0,43
463,100.0,24041.953296052652,0,43
464,100.0,24026.269466836984,0,43
465,100.0,24010.323983428047,0,43
466,100.0,23994.59202457155,0,43
467,100.0,23978.93510741912,0,43
468,100.0,23963.195253923812,0,43
469,100.0,23947.302586105703,0,43
470,100.0,23931.598412520183,0,43
471,100.0,23916.030810612483,0,43
472,100.0,23900.345422663926,0,43
473,100.0,23884.36656366904,0,43
474,100.0,23868.557472712648,0,43
475,100.0,23852.72264756675,0,43
476,100.0,23837.256313628055,0,43
477,100.0,23821.26600883596,0,43
478,100.0,23805.33127236105,0,43
479,100.0,23789.790019583557,0,43
480,100.0,23773.879415792686,0,43
481,100.0,23757.842728809206,0,100
482,100.0,23736.554516231685,0,100
483,100.0,23713.76505474047,0,100
484,100.0,23688.95127848576,0,100
485,100.0,23664.499360532314,0,100
486,100.0,23641.337544607213,0,100
487,100.0,23616.711796568787,0,100
488,100.0,23593.547666646784,0,100
489,100.0,23568.842129076114,0,100
490,100.0,23544.085233465677,0,100
491,100.0,23521.058887695013,0,46
492,100.0,23501.584835996367,0,46
493,100.0,23482.503198487568,0,46
494,100.0,23461.796302479164,0,46
495,100.0,23441.14643225527,0,46
496,100.0,23420.441426875925,0,46
497,100.0,23399.916341115815,0,46
498,100.0,23379.095413949897,0,46
499,100.0,23359.9971105925,0,46
500,100.0,23338.89252999392,0,46
501,100.0,23319.464708447904,0,46
502,100.0,23298.546170557533,0,46
503,100.0,23277.787218455473,0,46
504,100.0,23257.30942174903,0,46
505,100.0,23238.300752117953,0,46
506,100.0,23219.204854377575,0,46
507,100.0,23199.87200702673,0,46
508,100.0,23180.594804719804,0,46
509,100.0,23162.84875221924,0,46
510,100.0,23144.85163549309,0,46
511,100.0,23125.825511923627,0,100
512,100.0,23098.115792054174,0,100
513,100.0,23072.33048346462,0,100
514,100.0,23046.05517070483,0,100
515,100.0,23019.781726122925,0,100
516,100.0,22993.703541983235,0,100
517,100.0,22969.232842980957,0,100
518,100.0,22944.607986640418,0,100
519,100.0,22919.806738301704,0,100
520,100.0,22895.57877876234,0,100
521,100.0,22870.947481891977,0,48
522,100.0,22850.005510832918,0,47
523,100.0,22828.89113677404,0,47
524,100.0,22807.955648115156,0,47
525,100.0,22786.73961337951,0,47
526,100.0,22765.81707662773,0,46
527,100.0,22745.380065209272,0,46
528,100.0,22724.371547964154,0,46
529,100.0,22703.11274018407,0,46
530,100.0,22682.467481032603,0,46
531,100.0,22661.71846388387,0,46
532,100.0,22640.55600580757,0,46
533,100.0,22621.459187178803,0,46
534,100.0,22602.12804919221,0,46
535,100.0,22581.418315364503,0,46
536,100.0,22560.877200890565,0,46
537,100.0,22540.144386344156,0,46
538,100.0,22518.90991363183,0,46
539,100.0,22499.77556676272,0,46
540,100.0,22479.04520609492,0,46
541,100.0,22457.900022065463,0,100
542,100.0,22434.72920909402,0,100
543,100.0,22410.31323347398,0,100
544,100.0,22387.426910555776,0,100
545,100.0,22364.090125938084,0,100
546,100.0,22341.227879112208,0,100
547,100.0,22316.378650294195,0,100
548,100.0,22293.474643383954,0,100
549,100.0,22270.249162381075,0,100
550,100.0,22247.13884281981,0,100
551,100.0,22224.33058228643,0,46
552,100.0,22205.09556125879,0,46
553,100.0,22185.58612828487,0,46
554,100.0,22166.207657200626,0,46
555,100.0,22146.87756848606,0,46
556,100.0,22127.403265200865,0,46
557,100.0,22108.313110109768,0,45
558,100.0,22088.928926685938,0,45
559,100.0,22069.79534451489,0,45
560,100.0,22050.49882908377,0,45
561,100.0,22031.4061363886,0,45
562,100.0,22012.59827083752,0,45
563,100.0,21993.54801169402,0,45
564,100.0,21974.550062083876,0,45
565,100.0,21955.550278105806,0,45
566,100.0,21936.567663507525,0,45
567,100.0,21917.39188271132,0,45
568,100.0,21898.182677030993,0,45
569,100.0,21878.878344397937,0,45
570,100.0,21859.529949347623,0,45
571,100.0,21840.463995112576,0,100
572,100.0,21816.121243954123,0,100
573,100.0,21793.176738678776,0,100
574,100.0,21770.062973620614,0,100
575,100.0,21747.02665657896,0,100
576,100.0,21724.2211927449,0,100
577,100.0,21703.248712501256,0,100
578,100.0,21677.226651815385,0,100
579,100.0,21652.70075911345,0,100
580,100.0,21628.006259004775,0,100
581,100.0,21603.751191721,0,47
582,100.0,21584.15535486052,0,47
583,100.0,21563.65202602312,0,47
584,100.0,21541.092002553072,0,47
585,100.0,21521.977417142956,0,47
586,100.0,21501.338525053732,0,47
587,100.0,21479.06984413459,0,47
588,100.0,21459.780382850087,0,47
589,100.0,21437.239792814384,0,47
590,100.0,21416.40971132041,0,47
591,100.0,21393.918554190914,0,47
592,100.0,21374.494097324678,0,47
593,100.0,21352.169522116048,0,47
594,100.0,21331.381140509875,0,47
595,100.0,21310.917292632,0,47
596,100.0,21288.65416717081,0,47
597,100.0,21267.688075234866,0,47
598,100.0,21244.99679181662,0,47
599,100.0,21223.867137964757,0,47
600,100.0,21202.949632759333,0,47
601,100.0,21180.492165345495,0,100
602,100.0,21153.899461950932,0,100
603,100.0,21127.698013252866,0,100
604,100.0,21099.527510173888,0,100
605,100.0,21072.91757094481,0,100
606,100.0,21045.134459651636,0,100
607,100.0,21019.082277372552,0,100
608,100.0,20992.94691561717,0,100
609,100.0,20966.54960601846,0,100
610,100.0,20940.858384638217,0,74
611,100.0,20916.450954480886,0,49
612,100.0,20893.833862017844,0,49
613,100.0,20870.957048472563,0,49
614,100.0,20848.24218319238,0,49
615,100.0,20825.509311156096,0,49
616,100.0,20802.607981526202,0,48
617,100.0,20779.562928517607,0,48
618,100.0,20756.834484505318,0,47
619,100.0,20734.5675948381,0,47
620,100.0,20711.923795744828,0,47
621,100.0,20689.472102101754,0,47
622,100.0,20666.748052491697,0,47
623,100.0,20643.973310741647,0,47
624,100.0,20621.510899779973,0,47
625,100.0,20599.08896802007,0,47
626,100.0,20576.636989088518,0,47
627,100.0,20554.268863532176,0,47
628,100.0,20531.97047945474,0,47
629,100.0,20509.899021296915,0,47
630,100.0,20487.30177975653,0,47
631,100.0,20464.379910047614,0,100
632,100.0,20436.50159808828,0,100
633,100.0,20410.36743294256,0,100
634,100.0,20380.252869838932,0,100
635,100.0,20348.333425427554,0,100
636,100.0,20314.974750312835,0,100
637,100.0,20281.88853326837,0,100
638,100.0,20248.653643193113,0,100
639,100.0,20215.188686552538,0,100
640,100.0,20181.107642523177,0,100
641,100.0,20147.737703260125,0,49
642,100.0,20117.678078952853,0,49
643,100.0,20087.640649564404,0,49
644,100.0,20057.92504541306,0,49
645,100.0,20027.74824099606,0,49
646,100.0,19997.870001188654,0,49
647,100.0,19967.885298937043,0,49
648,100.0,19938.216895969897,0,49
649,100.0,19908.20297060596,0,49
650,100.0,19878.43355839906,0,49
651,100.0,19848.607249080163,0,49
652,100.0,19818.51394386207,0,49
653,100.0,19788.456514692723,0,49
654,100.0,19758.267609515122,0,49
655,100.0,19728.12157633971,0,49
656,100.0,19697.931638314785,0,49
657,100.0,19667.726624218496,0,49
658,100.0,19638.105133130608,0,49
659,100.0,19609.871222701502,0,49
660,100.0,19582.149260383707,0,49
661,100.0,19552.18562366166,0,100
662,100.0,19520.723057074334,0,100
663,100.0,19487.21714035753,0,100
664,100.0,19453.96697781216,0,100
665,100.0,19420.185647384038,0,100
666,100.0,19386.582605718493,0,100
667,100.0,19353.35126118463,0,100
668,100.0,19319.944470775466,0,100
669,100.0,19286.853998161994,0,100
670,100.0,19255.102778833963,0,100
671,100.0,19222.003765158715,0,50
672,100.0,19191.561647678438,0,50
673,100.0,19161.572101205293,0,50
674,100.0,19133.3813044289,0,50
675,100.0,19103.41092343199,0,50
676,100.0,19073.542029056942,0,50
677,100.0,19043.95209372395,0,49
678,100.0,19015.835470250582,0,49
679,100.0,18989.009540039802,0,49
680,100.0,18962.37688807739,0,49
681,100.0,18937.61443294931,0,49
682,100.0,18914.67343599765,0,49
683,100.0,18887.90130092677,0,49
684,100.0,18862.892022710294,0,49
685,100.0,18837.950672261388,0,49
686,100.0,18812.661203573385,0,49
687,100.0,18789.24144915311,0,49
688,100.0,18765.974131764473,0,49
689,100.0,18739.87012170989,0,49
690,100.0,18715.158466185323,0,49
691,100.0,18691.97921130456,0,100
692,100.0,18664.910292688048,0,100
693,100.0,18636.462860692613,0,100
694,100.0,18611.18715076483,0,100
695,100.0,18582.653001171846,0,100
696,100.0,18557.311706024397,0,100
697,100.0,18532.099572523013,0,100
698,100.0,18505.154045171595,0,100
699,100.0,18479.33422882393,0,99
700,100.0,18452.503570975536,0,99
701,100.0,18425.145353614338,0,49
702,100.0,18404.96719624169,0,48
703,100.0,18383.196393153303,0,48
704,100.0,18357.972575631135,0,48
705,100.0,18334.5347611289,0,47
706,100.0,18311.170578742876,0,47
707,100.0,18289.23433851,0,47
708,100.0,18265.987327935964,0,47
709,100.0,18244.307362171785,0,47
710,100.0,18221.111968391662,0,47
711,100.0,18199.367200391476,0,47
712,100.0,18177.96949823423,0,47
713,100.0,18154.565018940106,0,47
714,100.0,18134.221364492976,0,47
715,100.0,18112.487364599554,0,47
716,100.0,18091.72829149483,0,47
717,100.0,18070.98268653852,0,47
718,100.0,18049.40627420996,0,46
719,100.0,18027.704293719526,0,46
720,100.0,18004.104529847176,0,46
721,100.0,17984.85523079807,0,100
722,100.0,17952.31141126373,0,100
723,100.0,17920.757822316402,0,100
724,100.0,17886.941048522778,0,100
725,100.0,17855.351905391748,0,100
726,100.0,17823.70215482741,0,100
727,100.0,17788.452877750373,0,100
728,99.0,17759.22348357042,0,99
729,98.0,17729.66817964071,0,98
730,98.0,17700.201010910394,0,98
731,98.0,17670.181726658862,0,52
732,98.0,17643.408561514985,0,52
733,98.0,17616.469142446127,0,52
734,98.0,17589.26040167672,0,51
735,98.0,17560.03218851936,0,51
736,98.0,17533.211902969553,0,51
737,98.0,17506.009127933332,0,51
738,98.0,17482.516542669062,0,51
739,98.0,17455.819329475624,0,51
740,98.0,17426.82378130137,0,51
741,98.0,17397.65360489245,0,51
742,98.0,17370.318350739784,0,51
743,98.0,17341.39133694115,0,51
744,98.0,17314.828405828604,0,51
745,98.0,17285.85344153369,0,51
746,98.0,17256.99971177049,0,51
747,98.0,17228.12714474398,0,51
748,98.0,17202.74238351433,0,51
749,98.0,17179.421728737005,0,51
750,98.0,17155.09418426943,0,51
751,98.0,17131.185914900336,0,98
752,98.0,17100.624945737578,0,98
753,98.0,17071.80202882673,0,98
754,98.0,17041.286013647696,0,98
755,98.0,17008.684122692404,0,98
756,98.0,16976.709573376804,0,98
757,98.0,16945.986517701214,0,98
758,98.0,16911.8255536434,0,98
759,98.0,16879.924925366064,0,97
760,98.0,16848.915367991744,0,97
761,98.0,16818.348164658306,0,52
762,98.0,16793.065103287372,0,52
763,98.0,16765.208348926466,0,52
764,98.0,16737.61966740528,0,52
765,98.0,16708.425997898557,0,52
766,98.0,16680.703286445267,0,52
767,98.0,16654.46732621188,0,52
768,98.0,16626.894172855835,0,51
769,97.0,16606.483513712512,0,50
770,97.0,16584.676832226734,0,50
771,97.0,16561.50416336808,0,50
772,97.0,16541.525008006207,0,50
773,97.0,16522.94614289873,0,50
774,97.0,16500.329565231106,0,50
775,97.0,16477.937682215153,0,49
776,97.0,16456.26845680664,0,49
777,97.0,16436.361075590186,0,49
778,97.0,16413.217487762035,0,49
779,97.0,16397.17907772884,0,49
780,97.0,16382.75970815177,0,49
781,97.0,16368.390494253503,0,97
782,97.0,16345.120378604648,0,97
783,97.0,16319.246343500952,0,97
784,97.0,16297.384140782815,0,97
785,97.0,16276.405922453823,0,97
786,97.0,16252.850257654476,0,97
787,97.0,16231.24285680035,0,97
788,97.0,16211.837323863823,0,94
789,97.0,16188.567454876375,0,94
790,97.0,16167.979992316545,0,94
791,97.0,16147.341384598689,0,49
792,97.0,16129.605437711465,0,48
793,97.0,16113.634586687855,0,47
794,97.0,16097.406078131875,0,47
795,97.0,16079.100262740994,0,46
796,97.0,16061.62565647172,0,46
797,97.0,16043.619401661757,0,46
798,97.0,16025.626071030421,0,46
799,96.0,16010.294737725695,0,45
800,95.0,15994.473959372668,0,44
801,95.0,15980.449962598246,0,44
802,95.0,15964.7366951439,0,44
803,95.0,15949.240285035326,0,44
804,95.0,15936.735823017712,0,44
805,95.0,15921.2186908048,0,44
806,95.0,15907.329466114194,0,44
807,95.0,15893.141985960996,0,44
808,95.0,15877.845646569025,0,44
809,95.0,15862.357418975333,0,44
810,95.0,15846.954018020942,0,44
811,95.0,15833.107434456233,0,95
812,95.0,15815.717795617564,0,95
813,95.0,15798.081311055894,0,94
814,95.0,15779.053715590875,0,94
815,95.0,15763.067916376081,0,94
816,95.0,15743.784447351374,0,94
817,95.0,15726.73621094548,0,94
818,95.0,15709.291976283355,0,94
819,95.0,15689.99842716376,0,94
820,95.0,15672.272642631298,0,94
821,95.0,15655.125337229621,0,44
822,95.0,15641.477180295753,0,44
823,95.0,15626.137523649275,0,44
824,95.0,15612.343502901833,0,44
825,95.0,15598.089448914865,0,44
826,95.0,15584.04698602842,0,43
827,95.0,15571.741882692455,0,43
828,95.0,15559.252782222908,0,43
829,95.0,15545.2772733433,0,43
830,95.0,15534.741620688925,0,43
831,95.0,15522.521817728173,0,43
832,95.0,15510.285462957294,0,43
833,95.0,15496.428764129165,0,42
834,95.0,15484.092267752529,0,42
835,95.0,15472.043568946949,0,42
836,95.0,15459.799273440542,0,42
837,95.0,15447.535299237978,0,42
838,94.0,15435.99313389011,0,41
839,94.0,15425.54469323434,0,41
840,94.0,15415.013157933628,0,41
841,94.0,15404.503938245856,0,94
842,94.0,15390.213477446816,0,94
843,94.0,15375.98044691311,0,93
844,94.0,15361.953379509663,0,93
845,94.0,15347.854501042953,0,93
846,94.0,15333.726172309678,0,93
847,94.0,15319.652118558024,0,93
848,94.0,15305.202335679245,0,93
849,94.0,15291.122766635146,0,93
850,94.0,15277.14884848821,0,93
851,94.0,15263.230823046399,0,41
852,94.0,15253.119094047084,0,40
853,94.0,15242.891574753432,0,40
854,94.0,15232.382227352417,0,40
855,94.0,15222.04650135549,0,40
856,94.0,15211.5449760348,0,40
857,94.0,15201.176533756805,0,40
858,94.0,15190.845409277495,0,40
859,94.0,15180.491253967959,0,40
860,94.0,15170.093027696634,0,40
861,94.0,15159.708963451167,0,40
862,94.0,15149.466802989582,0,40
863,94.0,15139.036417603409,0,40
864,94.0,15128.858164052463,0,40
865,94.0,15118.571675443887,0,40
866,94.0,15108.157609899996,0,39
867,94.0,15098.01578717212,0,39
868,94.0,15087.670015680345,0,39
869,94.0,15077.515348671586,0,39
870,94.0,15067.18345751256,0,39
871,94.0,15056.791392461379,0,94
872,94.0,15040.160572519928,0,94
873,94.0,15022.742917728905,0,94
874,94.0,15004.541814735348,0,94
875,94.0,14986.257654024348,0,94
876,94.0,14964.938348192687,0,94
877,94.0,14946.635652855768,0,94
878,94.0,14926.647486181057,0,94
879,94.0,14908.709288846176,0,94
880,94.0,14890.480846621937,0,94
881,94.0,14872.524006283793,0,43
882,94.0,14856.54080976924,0,43
883,94.0,14841.92240342123,0,43
884,94.0,14824.259389592546,0,43
885,94.0,14808.49232773722,0,43
886,94.0,14792.343703964732,0,43
887,93.0,14774.637162204695,0,42
888,93.0,14758.719029340104,0,42
889,93.0,14742.95308972298,0,42
890,93.0,14726.707838995104,0,42
891,93.0,14710.529348022328,0,42
892,93.0,14694.904098155928,0,42
893,93.0,14682.971502665729,0,42
894,93.0,14665.410583189769,0,42
895,93.0,14651.22487400799,0,42
896,93.0,14637.18246003151,0,41
897,93.0,14621.468121831254,0,41
898,93.0,14607.09202336758,0,41
899,93.0,14591.198858152991,0,41
900,93.0,14573.757979216532,0,41
901,93.0,14558.393771411165,0,93
902,93.0,14543.083077974059,0,93
903,93.0,14527.386254732435,0,93
904,93.0,14510.407628343868,0,93
905,93.0,14493.330828688899,0,93
906,93.0,14474.424309298813,0,93
907,93.0,14457.304258695349,0,93
908,93.0,14440.161836190251,0,93
909,93.0,14424.751961238191,0,93
910,93.0,14407.485046731772,0,69
911,93.0,14391.947660839343,0,42
912,93.0,14379.976836229558,0,42
913,93.0,14367.877676655833,0,42
914,93.0,14355.872168190584,0,42
915,93.0,14344.030001366127,0,42
916,93.0,14332.112827565832,0,41
917,93.0,14320.091548677332,0,41
918,93.0,14308.341304950553,0,41
919,93.0,14296.539840909138,0,41
920,93.0,14284.614959735982,0,41
921,93.0,14272.860614792979,0,40
922,93.0,14261.059753008007,0,40
923,93.0,14249.244696204598,0,40
924,93.0,14237.562864241667,0,40
925,93.0,14225.76657577082,0,40
926,93.0,14215.61899356959,0,40
927,93.0,14205.420431507211,0,40
928,93.0,14195.164487513155,0,40
929,93.0,14185.140102060974,0,40
930,93.0,14174.961109817497,0,40
931,93.0,14164.661326548765,0,93
932,93.0,14150.5304377743,0,93
933,93.0,14136.50556543894,0,93
934,93.0,14122.519278090356,0,93
935,93.0,14108.457317614904,0,92
936,93.0,14094.561730258043,0,92
937,93.0,14080.808606827375,0,92
938,93.0,14067.107112908854,0,92
939,93.0,14053.159685557945,0,92
940,93.0,14039.249745063253,0,92
941,93.0,14025.13206266305,0,39
942,93.0,14014.989627401601,0,39
943,93.0,14004.849001863266,0,39
944,93.0,13994.361332074628,0,39
945,93.0,13984.265869161272,0,39
946,93.0,13974.075134521418,0,39
947,93.0,13963.987612115166,0,39
948,93.0,13953.8928639075,0,39
949,93.0,13943.874561122186,0,39
950,93.0,13933.744544904968,0,39
951,93.0,13923.49478722282,0,39
952,93.0,13913.335350861973,0,39
953,93.0,13903.179163162893,0,39
954,93.0,13892.977034810785,0,39
955,93.0,13882.617005379572,0,39
956,93.0,13872.505088062426,0,39
957,93.0,13862.368909934565,0,39
958,93.0,13852.366884606421,0,39
959,93.0,13842.240954925972,0,39
960,93.0,13832.108866594011,0,39
961,93.0,13821.997756561159,0,93
962,93.0,13808.015752947316,0,93
963,93.0,13793.990361551576,0,93
964,93.0,13780.103175178132,0,93
965,92.0,13766.147962583767,0,92
966,92.0,13752.34117882122,0,92
967,92.0,13738.536356675422,0,92
968,92.0,13724.897300087467,0,92
969,92.0,13711.152150892096,0,92
970,92.0,13697.376197155116,0,92
971,92.0,13683.709382998533,0,39
972,92.0,13673.615587924245,0,39
973,92.0,13663.59410494715,0,39
974,92.0,13653.598541148898,0,39
975,92.0,13643.590196136072,0,39
976,92.0,13633.475361848426,0,39
977,92.0,13623.479169070004,0,39
978,92.0,13613.419065120435,0,39
979,92.0,13603.233557651776,0,39
980,92.0,13593.107832229312,0,39
981,92.0,13582.970947492538,0,39
982,92.0,13572.954443973566,0,39
983,92.0,13562.759020987916,0,39
984,92.0,13552.636926061039,0,39
985,92.0,13542.621090632609,0,39
986,92.0,13532.644977631773,0,39
987,92.0,13522.544794031277,0,39
988,92.0,13512.63101265115,0,39
989,92.0,13502.430275449791,0,39
990,92.0,13492.37080958524,0,39
991,92.0,13482.210775319976,0,92
992,92.0,13468.427720829546,0,92
993,92.0,13454.915242076615,0,92
994,92.0,13441.426265424967,0,92
995,92.0,13427.652597385151,0,92
996,92.0,13413.948875400838,0,92
997,92.0,13400.110312815052,0,92
998,92.0,13386.316865240482,0,92
999,92.0,13372.632176207218,0,92
1000,92.0,13358.988515271234,0,92
1001,92.0,13345.288665472746,0,39
1002,92.0,13335.128926122035,0,39
1003,92.0,13325.014204067278,0,39
1004,92.0,13314.944080827048,0,39
1005,92.0,13304.937932876868,0,39
1006,92.0,13295.00142562782,0,39
1007,92.0,13285.016379334904,0,39
1008,92.0,13274.733771519666,0,39
1009,92.0,13264.851562143898,0,39
1010,92.0,13254.874473111207,0,39
1011,92.0,13244.981166436919,0,39
1012,92.0,13234.850088168754,0,39
1013,92.0,13224.738599262146,0,39
1014,92.0,13214.793383921313,0,39
1015,92.0,13204.581944950965,0,39
1016,92.0,13194.546590974218,0,39
1017,92.0,13184.65384510537,0,39
1018,92.0,13174.72809857478,0,39
1019,92.0,13164.618157240997,0,39
1020,92.0,13154.371843482053,0,39
1021,92.0,13144.277616055017,0,92
1022,92.0,13130.411501111459,0,92
1023,92.0,13116.63433965724,0,92
1024,92.0,13102.69996254386,0,92
1025,92.0,13088.784267991961,0,92
1026,92.0,13074.937592937633,0,92
1027,92.0,13061.250944669844,0,92
1028,92.0,13047.499701855413,0,92
1029,92.0,13033.701789901452,0,92
1030,92.0,13019.997341801369,0,92
1031,92.0,13006.406353558215,0,39
1032,92.0,12996.278646581888,0,39
1033,92.0,12986.25158082826,0,39
1034,92.0,12975.969962798512,0,39
1035,92.0,12966.058000379513,0,39
1036,92.0,12955.957943821195,0,39
1037,92.0,12945.823560588155,0,39
1038,92.0,12935.852416159409,0,39
1039,92.0,12925.68206139777,0,39
1040,92.0,12915.624266667734,0,39
1041,92.0,12905.391943667088,0,39
1042,92.0,12895.185693596284,0,39
1043,92.0,12885.204773931153,0,39
1044,92.0,12875.204720572763,0,39
1045,92.0,12865.099719647107,0,39
1046,92.0,12855.042082767386,0,39
1047,92.0,12845.000249577817,0,39
1048,92.0,12834.853446256762,0,39
1049,92.0,12824.818786500085,0,39
1050,92.0,12814.703751845474,0,39
1051,92.0,12804.628508156962,0,92
1052,92.0,12790.524956839567,0,92
1053,92.0,12776.779725873519,0,92
1054,92.0,12762.94201752749,0,92
1055,92.0,12749.109592461215,0,92
1056,92.0,12735.198126081135,0,92
1057,92.0,12721.254202632976,0,92
1058,92.0,12707.146699731957,0,92
1059,92.0,12693.297310583112,0,92
1060,92.0,12679.310720063337,0,92
1061,92.0,12665.523682182808,0,39
1062,92.0,12655.403210023222,0,39
1063,92.0,12645.205710151842,0,39
1064,92.0,12635.061931978806,0,39
1065,92.0,12625.014310321803,0,39
1066,92.0,12615.157399550886,0,39
1067,92.0,12605.089283824838,0,39
1068,92.0,12594.996289756818,0,39
1069,92.0,12584.730522435626,0,39
1070,92.0,12574.537627602049,0,39
1071,92.0,12564.510739941888,0,39
1072,92.0,12554.509860709508,0,39
1073,92.0,12544.45087962429,0,39
1074,92.0,12534.365551034956,0,39
1075,92.0,12524.344044759078,0,39
1076,92.0,12514.35521368249,0,39
1077,92.0,12504.259616546544,0,39
1078,92.0,12494.150022802734,0,39
1079,92.0,12484.005177412171,0,39
1080,92.0,12473.938221034743,0,39
1081,92.0,12463.932945854167,0,92
1082,92.0,12450.200701280688,0,92
1083,92.0,12436.539809500608,0,92
1084,92.0,12422.794240114315,0,92
1085,92.0,12409.026109781584,0,92
1086,92.0,12395.014978640209,0,92
1087,92.0,12380.98940088722,0,92
1088,92.0,12367.345643783108,0,92
1089,92.0,12353.522462258217,0,92
1090,92.0,12339.820639206928,0,92
1091,92.0,12325.956930141816,0,39
1092,92.0,12315.762181762024,0,39
1093,92.0,12305.621714198689,0,39
1094,92.0,12295.483567632698,0,39
1095,92.0,12285.356337465611,0,39
1096,92.0,12275.299500716315,0,39
1097,92.0,12265.351059251025,0,39
1098,92.0,12255.35359826177,0,39
1099,92.0,12245.203226030908,0,39
1100,92.0,12235.169150494055,0,39
1101,92.0,12225.065597821897,0,39
1102,92.0,12214.938832169557,0,39
1103,92.0,12204.862711679843,0,39
1104,92.0,12194.833437757798,0,39
1105,92.0,12184.822787715446,0,39
1106,92.0,12174.855062341656,0,39
1107,92.0,12164.728756935647,0,39
1108,92.0,12154.512001994584,0,39
1109,92.0,12144.431020427484,0,39
1110,92.0,12134.35264108004,0,39
1111,92.0,12124.422849861323,0,92
1112,92.0,12110.748050531023,0,92
1113,92.0,12097.05390601862,0,92
1114,92.0,12083.369658609037,0,92
1115,92.0,12069.565378564239,0,92
1116,92.0,12054.495053929406,0,92
1117,92.0,12040.75138695104,0,92
1118,92.0,12026.949281158353,0,92
1119,92.0,12011.668120596578,0,92
1120,92.0,11994.78151040308,0,92
1121,92.0,11979.416109951606,0,41
1122,92.0,11967.382743145801,0,41
1123,92.0,11955.603511167943,0,41
1124,92.0,11942.161499906566,0,41
1125,92.0,11928.833922846261,0,41
1126,92.0,11915.54680678732,0,41
1127,92.0,11902.127559689747,0,41
1128,92.0,11888.672777351858,0,41
1129,92.0,11875.325252184648,0,41
1130,92.0,11861.957121331741,0,41
1131,92.0,11848.530816781507,0,41
1132,92.0,11835.07689679599,0,41
1133,92.0,11821.593711469317,0,41
1134,92.0,11808.215444334397,0,41
1135,92.0,11794.728489905068,0,41
1136,92.0,11781.045325797906,0,41
1137,92.0,11767.611094449003,0,41
1138,92.0,11754.112431706566,0,41
1139,92.0,11740.730810428937,0,41
1140,92.0,11727.486930222076,0,41
1141,92.0,11714.023741747786,0,92
1142,92.0,11696.744158073961,0,92
1143,92.0,11678.010920268478,0,92
1144,92.0,11657.941696453232,0,92
1145,92.0,11639.570986263767,0,92
1146,92.0,11622.59325831527,0,92
1147,92.0,11602.232185546065,0,92
1148,92.0,11583.7996867514,0,92
1149,92.0,11565.21245474874,0,92
1150,92.0,11545.056489998642,0,92
1151,92.0,11526.357145958786,0,44
1152,92.0,11511.424694399684,0,44
1153,92.0,11494.738531032166,0,44
1154,92.0,11479.556795994919,0,44
1155,92.0,11464.31364692845,0,44
1156,92.0,11445.932874066397,0,44
1157,92.0,11428.78211634493,0,44
1158,92.0,11411.90496083974,0,44
1159,92.0,11395.239617597395,0,44
1160,92.0,11378.544346055278,0,44
1161,92.0,11360.096217467131,0,44
1162,92.0,11343.22301751239,0,44
1163,92.0,11325.27476247154,0,44
1164,92.0,11308.406297984384,0,44
1165,92.0,11291.260461176453,0,44
1166,91.0,11274.34014365756,0,44
1167,91.0,11255.949521653458,0,44
1168,91.0,11239.136786659496,0,44
1169,91.0,11222.347597761163,0,44
1170,91.0,11205.61193312613,0,44
1171,91.0,11188.920551148763,0,91
1172,91.0,11162.377358996418,0,91
1173,91.0,11138.60819338145,0,91
1174,91.0,11113.712807035801,0,91
1175,90.0,11090.29758569432,0,90
1176,90.0,11066.706212158871,0,90
1177,90.0,11035.202042174767,0,90
1178,89.0,10983.290557830716,0,89
1179,89.0,10946.074748810273,0,89
1180,89.0,10906.527153813442,0,89
1181,89.0,10866.828722726648,0,48
1182,89.0,10830.058953520753,0,48
1183,89.0,10791.444023570171,0,48
1184,89.0,10754.572952161423,0,48
1185,89.0,10716.28381054784,0,48
1186,89.0,10677.508791305498,0,48
1187,89.0,10638.689823416842,0,48
1188,89.0,10602.390397360747,0,48
1189,89.0,10564.186318027176,0,48
1190,89.0,10525.462859122159,0,48
1191,88.0,10487.50465396559,0,47
1192,88.0,10461.40307257201,0,47
1193,88.0,10435.142174462922,0,47
1194,88.0,10410.864936534159,0,47
1195,88.0,10384.341433513566,0,47
1196,88.0,10358.278556565807,0,47
1197,88.0,10332.247799562447,0,47
1198,88.0,10305.82955968962,0,47
1199,88.0,10279.894247707436,0,47
1200,88.0,10253.803005140027,0,47
1201,88.0,10228.066063985762,0,88
1202,87.0,10199.269744088042,0,87
1203,87.0,10174.385466733624,0,87
1204,87.0,10149.416548349433,0,87
1205,87.0,10122.810949520028,0,87
1206,85.0,10097.741537256123,0,85
1207,85.0,10073.152109573903,0,85
1208,85.0,10046.950446746698,0,85
1209,85.0,10020.66245423507,0,85
1210,85.0,9996.189969414241,0,61
1211,85.0,9969.88895581159,0,47
1212,85.0,9949.222368734963,0,47
1213,85.0,9925.315885976228,0,47
1214,85.0,9903.239987772686,0,47
1215,85.0,9879.843055533318,0,47
1216,85.0,9857.539331723727,0,47
1217,85.0,9835.901991573171,0,47
1218,85.0,9812.07068560628,0,47
1219,85.0,9788.55226737979,0,47
1220,85.0,9764.912547550439,0,47
1221,85.0,9741.329559488127,0,47
1222,85.0,9719.345763487654,0,47
1223,85.0,9693.841126037843,0,47
1224,85.0,9671.660538764596,0,46
1225,85.0,9646.358669221183,0,46
1226,85.0,9612.14201323063,0,46
1227,85.0,9577.05168287567,0,46
1228,85.0,9542.074702770762,0,46
1229,85.0,9506.495579519562,0,46
1230,84.0,9482.214913826792,0,45
1231,84.0,9460.912601678905,0,84
1232,84.0,9433.847237109496,0,84
1233,84.0,9408.57494169616,0,84
1234,84.0,9381.308421785496,0,84
1235,84.0,9354.387464795307,0,84
1236,84.0,9326.98132836866,0,84
1237,83.0,9301.713156589334,0,83
1238,83.0,9275.268368582114,0,83
1239,83.0,9248.584906972974,0,83
1240,83.0,9221.357010790509,0,83
1241,82.0,9195.210932358235,0,46
1242,82.0,9170.894445997448,0,46
1243,82.0,9146.854149445944,0,46
1244,82.0,9123.16466991444,0,46
1245,82.0,9099.281260161773,0,46
1246,82.0,9075.242292978566,0,46
1247,82.0,9052.641473903925,0,46
1248,82.0,9028.33642905911,0,46
1249,82.0,9003.893269627815,0,46
1250,82.0,8979.892288565065,0,46
1251,82.0,8955.840412469375,0,46
1252,82.0,8932.888626508702,0,46
1253,82.0,8908.61711898875,0,46
1254,82.0,8874.09082165828,0,46
1255,82.0,8841.220784709392,0,46
1256,81.0,8808.425954477036,0,45
1257,81.0,8775.108262788854,0,45
1258,81.0,8742.495817564984,0,45
1259,81.0,8708.213286507977,0,45
1260,81.0,8675.634888854725,0,45
1261,81.0,8642.822882026107,0,81
1262,81.0,8607.342327621987,0,81
1263,81.0,8571.579507119372,0,81
1264,80.0,8536.531823009134,0,80
1265,80.0,8502.411108633549,0,80
1266,80.0,8468.713557850584,0,80
1267,80.0,8435.2605601842,0,80
1268,79.0,8403.597126050745,0,79
1269,79.0,8373.37364839758,0,78
1270,79.0,8343.045970843677,0,78
1271,78.0,8312.470796757796,0,42
1272,78.0,8296.742632633794,0,42
1273,78.0,8282.622849535826,0,42
1274,78.0,8265.459123465436,0,42
1275,78.0,8249.848608391565,0,42
1276,78.0,8234.546502720164,0,42
1277,78.0,8217.325262126684,0,42
1278,78.0,8201.878117658398,0,42
1279,78.0,8186.37446254247,0,42
1280,78.0,8172.266111231218,0,42
1281,78.0,8154.933797371302,0,42
1282,78.0,8141.031555215857,0,42
1283,78.0,8123.661727570286,0,42
1284,78.0,8109.645996689022,0,42
1285,78.0,8095.536408990938,0,41
1286,78.0,8081.581981444022,0,41
1287,78.0,8064.50749216176,0,41
1288,78.0,8052.047655848848,0,41
1289,78.0,8036.630086498217,0,41
1290,78.0,8022.75350995807,0,41
1291,77.0,8007.832935466386,0,77
1292,77.0,7994.848392763679,0,77
1293,77.0,7980.0235112661685,0,77
1294,76.0,7963.805830239668,0,76
1295,76.0,7950.732853325675,0,76
1296,76.0,7937.6588705203885,0,76
1297,76.0,7923.372975393049,0,75
1298,76.0,7910.490216841377,0,75
1299,76.0,7897.810864425361,0,75
1300,76.0,7884.8677715498625,0,75
1301,76.0,7872.070407717504,0,40
1302,76.0,7861.391473814631,0,40
1303,76.0,7852.681271329092,0,40
1304,76.0,7842.34895049771,0,39
1305,76.0,7831.984432638057,0,39
1306,76.0,7821.7239599394725,0,39
1307,76.0,7811.407973002233,0,38
1308,76.0,7802.792694739388,0,38
1309,76.0,7794.219494609089,0,38
1310,76.0,7783.861182219239,0,38
1311,76.0,7775.1431884175,0,38
1312,75.0,7766.522197567208,0,37
1313,75.0,7757.871115716808,0,37
1314,75.0,7749.150123262683,0,37
1315,75.0,7740.539352670622,0,37
1316,75.0,7731.793144345189,0,37
1317,75.0,7723.120522308067,0,37
1318,75.0,7714.574861763414,0,37
1319,75.0,7705.9230468964615,0,37
1320,75.0,7697.349947953764,0,37
1321,75.0,7688.8792691822255,0,75
1322,75.0,7677.644560589101,0,75
1323,75.0,7666.52682502687,0,74
1324,75.0,7655.316570660649,0,74
1325,75.0,7642.710667454521,0,74
1326,75.0,7631.73199046661,0,74
1327,75.0,7620.468958034276,0,74
1328,75.0,7609.180882919753,0,74
1329,75.0,7594.689951858984,0,74
1330,74.0,7583.5989224602035,0,73
1331,74.0,7570.775486449219,0,37
1332,74.0,7562.290616836346,0,37
1333,74.0,7552.092650205113,0,37
1334,74.0,7543.543266652963,0,37
1335,74.0,7533.324250653889,0,37
1336,74.0,7521.519610041395,0,37
1337,74.0,7513.11626852002,0,37
1338,74.0,7504.39903718106,0,37
1339,74.0,7494.231986428549,0,37
1340,74.0,7484.023247272149,0,37
1341,74.0,7472.2252193225695,0,37
1342,74.0,7462.250267596546,0,37
1343,74.0,7452.094063538116,0,37
1344,74.0,7443.509937686594,0,37
1345,74.0,7435.170710883019,0,37
1346,74.0,7425.116848937921,0,37
1347,74.0,7415.1059473959685,0,37
1348,74.0,7406.572062199447,0,37
1349,74.0,7394.732297804916,0,37
1350,74.0,7384.395864058573,0,37
1351,74.0,7374.444883657392,0,74
1352,74.0,7361.668354810722,0,74
1353,74.0,7349.055114458824,0,74
1354,74.0,7338.006817397527,0,74
1355,74.0,7325.070771137015,0,74
1356,74.0,7313.825422867007,0,74
1357,74.0,7302.670855113485,0,74
1358,74.0,7291.782838453564,0,74
1359,74.0,7280.654837706133,0,73
1360,74.0,7269.803128445017,0,73
1361,74.0,7258.722104523808,0,36
1362,74.0,7250.119051529779,0,35
1363,74.0,7241.83061413124,0,35
1364,74.0,7233.596972822521,0,35
1365,74.0,7225.229850878285,0,34
1366,74.0,7216.889822531644,0,34
1367,74.0,7208.692958254014,0,34
1368,74.0,7200.42986211507,0,34
1369,74.0,7192.128475426329,0,34
1370,74.0,7183.753191089157,0,34
1371,74.0,7175.509144980107,0,34
1372,74.0,7167.101432046806,0,34
1373,74.0,7158.707815169122,0,34
1374,74.0,7150.390923088252,0,34
1375,74.0,7141.86870879448,0,34
1376,74.0,7133.584259718795,0,34
1377,73.0,7125.387683749159,0,33
1378,73.0,7117.200754955594,0,33
1379,73.0,7109.149631968615,0,33
1380,73.0,7100.964853263218,0,33
1381,73.0,7092.840265572922,0,73
1382,73.0,7082.095623095337,0,73
1383,73.0,7071.10804634573,0,73
1384,73.0,7060.302576168077,0,73
1385,73.0,7049.247524284749,0,73
1386,73.0,7038.2077890427345,0,73
1387,73.0,7027.367825553009,0,73
1388,73.0,7016.4628348317065,0,73
1389,73.0,7005.337771177601,0,73
1390,73.0,6994.524788385784,0,73
1391,73.0,6983.378397979023,0,33
1392,73.0,6975.21611371656,0,33
1393,73.0,6967.074548410629,0,33
1394,73.0,6958.796678680673,0,33
1395,73.0,6950.653377519729,0,33
1396,73.0,6942.347617648096,0,33
1397,73.0,6934.085350996473,0,33
1398,73.0,6925.920831130127,0,33
1399,73.0,6917.719357665656,0,33
1400,73.0,6909.651161347129,0,33
1401,73.0,6901.398885620527,0,33
1402,73.0,6893.124376850258,0,33
1403,73.0,6884.871584333177,0,33
1404,73.0,6876.846241686039,0,33
1405,73.0,6868.704703291949,0,33
1406,73.0,6860.583416499517,0,33
1407,73.0,6852.376452006475,0,33
1408,73.0,6844.141956947778,0,33
1409,73.0,6835.920000710545,0,33
1410,73.0,6827.94115978187,0,33
1411,73.0,6819.925495446054,0,73
1412,73.0,6809.042271456458,0,73
1413,73.0,6798.229263173874,0,73
1414,73.0,6785.623012159362,0,73
1415,73.0,6774.798316116518,0,73
1416,73.0,6763.824831837438,0,73
1417,73.0,6751.277588058809,0,73
1418,73.0,6740.154273491233,0,73
1419,73.0,6729.275334114343,0,73
1420,73.0,6718.192660778126,0,73
1421,73.0,6707.239131048943,0,34
1422,73.0,6699.1348402464655,0,34
1423,72.0,6690.960508379269,0,33
1424,72.0,6682.724794306122,0,33
1425,72.0,6674.664657906867,0,33
1426,71.0,6666.598243556228,0,33
1427,71.0,6657.150259444205,0,33
1428,71.0,6647.815059870753,0,33
1429,71.0,6639.907063392105,0,33
1430,71.0,6630.385275206034,0,33
1431,71.0,6622.294981762843,0,33
1432,71.0,6614.347475222916,0,33
1433,71.0,6606.3181136268995,0,33
1434,71.0,6598.2883878651455,0,33
1435,71.0,6590.34100617538,0,33
1436,71.0,6582.347473980583,0,33
1437,71.0,6572.827611809488,0,33
1438,71.0,6564.868417643473,0,33
1439,71.0,6556.948612688574,0,33
1440,71.0,6549.077519665228,0,33
1441,71.0,6540.981857265326,0,71
1442,71.0,6530.467063228542,0,71
1443,71.0,6519.791387453216,0,71
1444,71.0,6509.157687368362,0,71
1445,71.0,6498.415251432902,0,71
1446,71.0,6487.74082663342,0,71
1447,71.0,6476.962776471361,0,70
1448,71.0,6466.519124808054,0,70
1449,71.0,6455.951124012747,0,70
1450,71.0,6445.499105501078,0,70
1451,71.0,6434.781240788861,0,32
1452,71.0,6426.935354670203,0,32
1453,71.0,6419.152878014734,0,32
1454,71.0,6411.296335310408,0,32
1455,71.0,6403.391563225244,0,32
1456,71.0,6395.434586701054,0,32
1457,71.0,6387.57412711887,0,32
1458,71.0,6379.688126753203,0,32
1459,71.0,6371.781770050749,0,32
1460,71.0,6363.754398866834,0,32
1461,71.0,6355.791252310707,0,32
1462,71.0,6347.961805114236,0,32
1463,71.0,6340.132032155461,0,32
1464,71.0,6332.290210617215,0,32
1465,71.0,6324.312906247943,0,32
1466,71.0,6316.306640518652,0,32
1467,71.0,6308.455876258755,0,32
1468,71.0,6300.503614256576,0,32
1469,71.0,6292.667329955578,0,32
1470,71.0,6284.820924858418,0,32
1471,71.0,6276.879761377092,0,71
1472,71.0,6264.626930299475,0,71
1473,71.0,6252.199377622289,0,71
1474,71.0,6239.6858551416735,0,71
1475,71.0,6227.467787580983,0,71
1476,71.0,6215.09219366466,0,71
1477,71.0,6202.81457044135,0,71
1478,71.0,6190.547449817895,0,71
1479,71.0,6178.054105897133,0,71
1480,71.0,6167.440209838995,0,71
1481,71.0,6156.714778427933,0,33
1482,71.0,6147.1566459761725,0,33
1483,71.0,6139.121601502996,0,33
1484,71.0,6129.489555247781,0,33
1485,71.0,6119.774838820852,0,33
1486,71.0,6110.04899322079,0,33
1487,71.0,6100.421063939444,0,33
1488,71.0,6092.419851375044,0,33
1489,71.0,6082.8516791825,0,33
1490,71.0,6073.181953778155,0,33
1491,71.0,6063.670811379623,0,33
1492,71.0,6054.051817608773,0,33
1493,71.0,6044.349839454092,0,33
1494,71.0,6034.694024091254,0,33
1495,71.0,6025.0105572398015,0,33
1496,71.0,6016.906628733964,0,33
1497,71.0,6008.822060397674,0,33
1498,71.0,6000.907468011285,0,33
1499,70.0,5992.854470509239,0,33
1500,70.0,5983.486467747891,0,33
1501,70.0,5973.882844506431,0,70
1502,70.0,5963.415123097549,0,70
1503,70.0,5952.72454348364,0,70
1504,70.0,5939.747782650424,0,70
1505,70.0,5929.267335643997,0,70
1506,70.0,5918.75068802459,0,70
1507,70.0,5908.211711984047,0,70
1508,70.0,5897.830975963483,0,70
1509,70.0,5887.371290080207,0,70
1510,70.0,5876.885878247794,0,53
1511,70.0,5867.420097631044,0,39
1512,70.0,5859.127296303882,0,39
1513,70.0,5850.761686350192,0,39
1514,70.0,5842.570489309408,0,38
1515,70.0,5834.171227382866,0,38
1516,70.0,5825.980956819204,0,38
1517,69.0,5818.025244264945,0,38
1518,69.0,5809.968477900613,0,38
1519,69.0,5801.854209662443,0,38
1520,69.0,5793.776356120059,0,38
1521,69.0,5785.72480994384,0,38
1522,69.0,5777.640491075513,0,38
1523,68.0,5769.393376316754,0,37
1524,68.0,5761.209307723958,0,37
1525,68.0,5753.161971391577,0,37
1526,68.0,5745.082141805184,0,37
1527,68.0,5736.953874651262,0,37
1528,68.0,5728.851799598959,0,37
1529,68.0,5720.727343465478,0,37
1530,68.0,5712.563333151759,0,37
1531,68.0,5704.591514774946,0,68
1532,68.0,5692.797822055869,0,68
1533,68.0,5681.09515445395,0,68
1534,68.0,5669.268151496404,0,68
1535,68.0,5657.5201320327915,0,68
1536,68.0,5645.599154890167,0,68
1537,68.0,5635.427504351966,0,68
1538,68.0,5623.607977478094,0,68
1539,68.0,5611.897874497144,0,68
1540,68.0,5601.72032555588,0,68
1541,68.0,5590.015132847876,0,38
1542,68.0,5582.048375354656,0,38
1543,68.0,5572.418561605215,0,38
1544,68.0,5562.598895587939,0,38
1545,68.0,5552.799327481509,0,38
1546,68.0,5542.976427105941,0,38
1547,68.0,5533.200245015994,0,38
1548,68.0,5523.387554882522,0,38
1549,68.0,5515.160731911726,0,38
1550,68.0,5505.448708159531,0,38
1551,68.0,5497.4793453493,0,38
1552,68.0,5487.657973010803,0,38
1553,68.0,5477.978256511616,0,38
1554,68.0,5469.959405444667,0,38
1555,68.0,5461.852365656995,0,38
1556,67.0,5453.686764461917,0,37
1557,67.0,5445.881826971435,0,37
1558,67.0,5437.849231529713,0,37
1559,67.0,5429.7995954740645,0,37
1560,67.0,5421.761418468459,0,37
1561,67.0,5413.727759814626,0,67
1562,67.0,5403.591226197905,0,67
1563,67.0,5393.399053580285,0,66
1564,67.0,5383.252382992359,0,66
1565,67.0,5373.199580368001,0,66
1566,67.0,5363.251925805347,0,66
1567,67.0,5353.168231001848,0,66
1568,67.0,5343.199698172532,0,66
1569,67.0,5333.238958678258,0,66
1570,67.0,5323.255212071205,0,66
1571,67.0,5313.3933579680015,0,36
1572,67.0,5305.463221485194,0,36
1573,67.0,5297.711065696077,0,36
1574,67.0,5289.992249166741,0,36
1575,67.0,5281.972028637467,0,36
1576,67.0,5274.021672832587,0,36
1577,67.0,5266.1615398781605,0,36
1578,67.0,5258.340582596723,0,36
1579,67.0,5250.375109298118,0,36
1580,67.0,5242.497987119934,0,36
1581,67.0,5234.524873592382,0,36
1582,67.0,5226.693955907223,0,36
1583,67.0,5218.9234160471215,0,36
1584,67.0,5211.155705228038,0,36
1585,67.0,5203.224716873919,0,36
1586,67.0,5195.363235864651,0,36
1587,67.0,5187.377254568886,0,36
1588,67.0,5179.323609673293,0,36
1589,67.0,5171.423483558311,0,36
1590,67.0,5163.4426820749995,0,36
1591,67.0,5155.49552460931,0,67
1592,67.0,5145.321882082328,0,67
1593,67.0,5135.3525311538415,0,67
1594,67.0,5125.226024407167,0,67
1595,67.0,5115.243218887693,0,67
1596,67.0,5105.260728678878,0,67
1597,67.0,5095.100590896586,0,67
1598,67.0,5084.993836431565,0,67
1599,67.0,5075.0231767813075,0,67
1600,67.0,5064.80935356521,0,67
1601,67.0,5054.796836077257,0,36
1602,67.0,5047.027716520576,0,36
1603,67.0,5039.018080935907,0,36
1604,67.0,5031.28057729712,0,36
1605,67.0,5023.406700602135,0,36
1606,67.0,5015.629373218747,0,36
1607,67.0,5007.651724016425,0,36
1608,67.0,4999.723811571958,0,36
1609,67.0,4991.827283949533,0,36
1610,67.0,4983.986797208618,0,36
1611,67.0,4976.045850585487,0,36
1612,67.0,4968.177496996802,0,36
1613,66.0,4960.277388317263,0,36
1614,66.0,4952.44091340538,0,36
1615,66.0,4944.676492651097,0,36
1616,66.0,4936.939067756262,0,36
1617,66.0,4929.048972503998,0,36
1618,66.0,4921.262328953774,0,36
1619,66.0,4913.466405567027,0,36
1620,66.0,4905.748364991965,0,36
1621,66.0,4897.913326471579,0,66
1622,66.0,4887.902746755445,0,66
1623,66.0,4878.107554124098,0,66
1624,66.0,4868.298455662265,0,66
1625,66.0,4858.420958223653,0,66
1626,66.0,4848.370837149285,0,66
1627,66.0,4838.574982144244,0,66
1628,66.0,4828.7159068808705,0,66
1629,66.0,4818.897191846182,0,66
1630,66.0,4808.906120524236,0,66
1631,66.0,4799.352862942925,0,36
1632,66.0,4791.534501460149,0,36
1633,66.0,4783.681661521828,0,36
1634,66.0,4775.953015046087,0,36
1635,66.0,4768.217433672089,0,36
1636,66.0,4760.386162258124,0,36
1637,66.0,4752.631261577887,0,36
1638,66.0,4744.8583372401135,0,36
1639,66.0,4737.023255103107,0,36
1640,66.0,4729.30642912471,0,36
1641,66.0,4721.503615298867,0,36
1642,66.0,4713.631486156147,0,36
1643,66.0,4705.9389306373105,0,36
1644,66.0,4698.095950384323,0,36
1645,66.0,4690.1716521795215,0,36
1646,66.0,4682.396107468255,0,36
1647,66.0,4674.613424477118,0,36
1648,66.0,4666.793976476513,0,36
1649,66.0,4659.029106402894,0,36
1650,66.0,4651.319545583134,0,36
1651,66.0,4643.448629130032,0,66
1652,66.0,4633.577298813259,0,66
1653,66.0,4623.575654237864,0,66
1654,66.0,4613.72507047022,0,66
1655,66.0,4603.880011310053,0,66
1656,66.0,4594.037856423005,0,66
1657,66.0,4584.2277195958095,0,66
1658,66.0,4574.4017402508725,0,66
1659,66.0,4564.504829323296,0,66
1660,66.0,4554.436606013174,0,66
1661,66.0,4544.3858977455075,0,36
1662,66.0,4536.514335283708,0,36
1663,66.0,4528.8383847519735,0,36
1664,66.0,4521.006725002933,0,36
1665,66.0,4513.2393981036375,0,36
1666,66.0,4505.385730593708,0,36
1667,66.0,4497.5927633954925,0,36
1668,66.0,4489.769926249779,0,36
1669,66.0,4481.953955229917,0,36
1670,66.0,4474.203841025961,0,36
1671,66.0,4466.249311100479,0,36
1672,66.0,4458.490459692231,0,36
1673,66.0,4450.888316185935,0,36
1674,66.0,4443.0373345845765,0,36
1675,66.0,4435.294517536255,0,36
1676,66.0,4427.55732644379,0,36
1677,66.0,4419.604287197381,0,36
1678,66.0,4411.794857663721,0,36
1679,66.0,4403.912662578699,0,36
1680,66.0,4396.007373074009,0,36
1681,66.0,4388.25074275517,0,66
1682,66.0,4378.463291203203,0,66
1683,66.0,4368.557489239604,0,66
1684,66.0,4358.7927135459795,0,66
1685,66.0,4348.989449478751,0,66
1686,66.0,4339.025823227438,0,66
1687,66.0,4329.371009694452,0,66
1688,66.0,4319.410509443111,0,66
1689,66.0,4309.528895738907,0,66
1690,66.0,4299.643833848829,0,66
1691,66.0,4289.797566570891,0,36
1692,66.0,4281.897313006563,0,36
1693,66.0,4274.191907491187,0,36
1694,66.0,4266.454463120136,0,36
1695,66.0,4258.555862045761,0,36
1696,66.0,4250.727604868374,0,36
1697,66.0,4242.810951297816,0,36
1698,66.0,4235.031528795896,0,36
1699,66.0,4227.289384360172,0,36
1700,66.0,4219.550061133954,0,36
1701,66.0,4211.7556533195475,0,36
1702,66.0,4204.0022468286925,0,36
1703,66.0,4196.273827343363,0,36
1704,66.0,4188.362585689843,0,36
1705,66.0,4180.501333506286,0,36
1706,66.0,4172.661130434432,0,36
1707,66.0,4164.840550464461,0,36
1708,66.0,4157.1587491599685,0,36
1709,66.0,4149.3974576341825,0,36
1710,66.0,4141.60024944095,0,36
1711,66.0,4133.761355622805,0,66
1712,66.0,4123.907476560805,0,66
1713,66.0,4113.999489552719,0,66
1714,66.0,4104.033697011354,0,66
1715,66.0,4094.1427473963204,0,66
1716,66.0,4084.2231190944844,0,66
1717,66.0,4074.382452937634,0,66
1718,66.0,4064.4535608544006,0,66
1719,66.0,4054.4000141149572,0,66
1720,66.0,4044.517460112735,0,66
1721,66.0,4034.6781715617917,0,36
1722,66.0,4026.8267081605272,0,36
1723,66.0,4019.078668166294,0,36
1724,66.0,4011.377788901953,0,36
1725,66.0,4003.6724844443524,0,36
1726,66.0,3995.931100115433,0,36
1727,66.0,3988.169308608359,0,36
1728,66.0,3980.3710898879704,0,36
1729,66.0,3972.6893585877838,0,36
1730,66.0,3964.8345830145786,0,36
1731,66.0,3957.1398152291554,0,36
1732,66.0,3949.3709477500774,0,36
1733,66.0,3941.528603029231,0,36
1734,66.0,3933.7552080891523,0,36
1735,66.0,3926.054511620311,0,36
1736,66.0,3918.230762146298,0,36
1737,66.0,3910.4178384896964,0,36
1738,66.0,3902.785142743397,0,36
1739,66.0,3894.9523367443317,0,36
1740,66.0,3886.9087796577273,0,36
1741,66.0,3879.065655140578,0,66
1742,66.0,3869.1718882928194,0,66
1743,66.0,3859.1768772128007,0,66
1744,66.0,3849.2906654544463,0,66
1745,66.0,3839.610998169791,0,66
1746,66.0,3829.808396287205,0,66
1747,66.0,3819.8630606845395,0,66
1748,66.0,3809.9423447682916,0,66
1749,66.0,3800.0582732462517,0,66
1750,66.0,3789.885826805922,0,66
1751,66.0,3779.953178940333,0,36
1752,66.0,3772.2341115175,0,36
1753,66.0,3764.4150310073487,0,36
1754,66.0,3756.7029759112584,0,36
1755,66.0,3748.9729520466276,0,36
1756,66.0,3741.2103068362835,0,36
1757,66.0,3733.464921636185,0,36
1758,66.0,3725.7763129826258,0,36
1759,66.0,3718.0625507188556,0,36
1760,66.0,3710.290326593899,0,36
1761,65.0,3702.5601091760477,0,35
1762,65.0,3694.9516892727315,0,35
1763,65.0,3687.1867065491483,0,35
1764,65.0,3679.541680834468,0,35
1765,65.0,3671.9349999832916,0,35
1766,65.0,3664.279973129231,0,35
1767,65.0,3656.614513917106,0,35
1768,65.0,3648.9451200880453,0,35
1769,65.0,3641.3117877123022,0,35
1770,65.0,3633.592212829632,0,35
1771,65.0,3625.9088778459663,0,65
1772,65.0,3616.033495052994,0,65
1773,65.0,3604.5030426583735,0,65
1774,65.0,3593.164332015896,0,65
1775,65.0,3583.268438885085,0,65
1776,65.0,3572.043432548845,0,65
1777,65.0,3560.9737828617153,0,65
1778,65.0,3551.1411232120668,0,65
1779,65.0,3539.8099497497888,0,65
1780,65.0,3528.4376450272107,0,65
1781,65.0,3517.1865089271455,0,36
1782,65.0,3509.51428125703,0,36
1783,65.0,3501.8314468205117,0,36
1784,65.0,3492.468782643853,0,36
1785,65.0,3483.0483001176035,0,36
1786,65.0,3473.7568407441495,0,36
1787,65.0,3464.3950434971807,0,36
1788,65.0,3455.164949659864,0,36
1789,65.0,3445.7753887845843,0,36
1790,65.0,3436.348097272913,0,36
1791,65.0,3426.8175068409914,0,36
1792,65.0,3417.4942338113838,0,36
1793,65.0,3409.909070238313,0,36
1794,65.0,3400.4174235208484,0,36
1795,65.0,3390.9830168063427,0,36
1796,65.0,3381.4587251909343,0,36
1797,65.0,3372.1843679311196,0,36
1798,65.0,3362.68997254103,0,36
1799,65.0,3353.4441380277276,0,36
1800,65.0,3344.209506179742,0,36
1801,65.0,3335.313099669707,0,65
1802,64.0,3323.978263663699,0,64
1803,64.0,3314.4514477852663,0,64
1804,64.0,3304.7791994584277,0,64
1805,64.0,3295.108508929751,0,64
1806,64.0,3285.59563415558,0,64
1807,64.0,3276.10816682338,0,64
1808,64.0,3266.43411936838,0,64
1809,64.0,3256.7603949101217,0,64
1810,64.0,3247.0662594933383,0,46
1811,64.0,3238.6714212399143,0,35
1812,64.0,3230.990298006116,0,35
1813,64.0,3223.5204864373663,0,35
1814,64.0,3215.950886140569,0,35
1815,64.0,3208.3854955763577,0,35
1816,64.0,3200.7131769193197,0,35
1817,64.0,3193.1925000622327,0,35
1818,64.0,3185.5969072636394,0,35
1819,64.0,3178.0702278948984,0,35
1820,64.0,3170.6447444579835,0,35
1821,64.0,3163.0870283130303,0,35
1822,64.0,3155.5478327079777,0,35
1823,64.0,3147.9774304158814,0,35
1824,64.0,3140.4197602143136,0,35
1825,64.0,3132.8345510522227,0,35
1826,64.0,3125.3978001451896,0,35
1827,64.0,3117.9477610169456,0,35
1828,64.0,3110.3655458466324,0,35
1829,64.0,3102.8374557392453,0,35
1830,64.0,3095.2011239640924,0,35
1831,64.0,3087.606402305185,0,64
1832,64.0,3077.9317471785494,0,64
1833,64.0,3066.801868200113,0,64
1834,64.0,3055.449382767333,0,64
1835,64.0,3045.8344487217905,0,64
1836,64.0,3036.1598577486425,0,64
1837,64.0,3024.668255237699,0,64
1838,64.0,3013.299027857188,0,64
1839,64.0,3001.996088471812,0,64
1840,64.0,2990.5889708052946,0,64
1841,63.0,2979.198669753615,0,35
1842,63.0,2970.033232355953,0,35
1843,63.0,2961.013644198181,0,35
1844,63.0,2951.8363186073757,0,35
1845,63.0,2942.7456454717717,0,35
1846,63.0,2933.874610353819,0,35
1847,63.0,2924.67145160524,0,35
1848,62.0,2915.6255053372915,0,34
1849,62.0,2906.7897895704828,0,34
1850,62.0,2897.8838993813497,0,34
1851,62.0,2888.9434221049178,0,34
1852,62.0,2879.8668492100974,0,34
1853,62.0,2870.890613419714,0,34
1854,62.0,2862.0097906781634,0,34
1855,62.0,2853.3509783997197,0,34
1856,62.0,2844.4081745970616,0,34
1857,62.0,2835.362506238263,0,34
1858,62.0,2826.2758682237086,0,34
1859,62.0,2817.4928997535803,0,34
1860,62.0,2808.631186791226,0,34
1861,62.0,2799.650620537702,0,62
1862,62.0,2788.708810321281,0,62
1863,62.0,2778.0068485429324,0,62
1864,62.0,2766.774101655254,0,62
1865,62.0,2755.85531513113,0,62
1866,62.0,2744.819343122023,0,62
1867,61.0,2734.0027263013435,0,61
1868,61.0,2723.3879333478217,0,61
1869,61.0,2712.580360010033,0,61
1870,61.0,2701.834316633708,0,61
1871,61.0,2691.184106990531,0,34
1872,61.0,2682.3662157122176,0,34
1873,61.0,2673.527046836652,0,34
1874,60.0,2664.692007596554,0,33
1875,60.0,2656.02725750739,0,33
1876,60.0,2647.258437569042,0,33
1877,60.0,2638.3792101770664,0,33
1878,60.0,2629.674239803118,0,33
1879,60.0,2621.025416879294,0,33
1880,60.0,2612.2067315943214,0,33
1881,60.0,2603.398305427657,0,33
1882,60.0,2594.495114932693,0,33
1883,60.0,2585.91579121581,0,33
1884,60.0,2577.339018279901,0,33
1885,60.0,2568.6396892854814,0,33
1886,60.0,2559.9219790648876,0,33
1887,60.0,2551.394752122281,0,33
1888,60.0,2542.4762503007255,0,33
1889,60.0,2533.7004703779967,0,33
1890,60.0,2524.8826700583504,0,33
1891,60.0,2516.290619483586,0,60
1892,60.0,2505.6753451141094,0,60
1893,60.0,2493.6831806131718,0,60
1894,60.0,2483.0017858902243,0,60
1895,60.0,2470.670923434752,0,60
1896,60.0,2460.1311058586575,0,60
1897,60.0,2449.6605408373707,0,60
1898,60.0,2439.1180294044716,0,60
1899,60.0,2428.5686794410462,0,60
1900,59.0,2418.2853471304456,0,59
1901,59.0,2409.4161490340657,0,33
1902,59.0,2402.3024036699235,0,33
1903,59.0,2395.2772040260206,0,33
1904,59.0,2388.2267021353214,0,33
1905,57.99999999999999,2381.173072807727,0,31
1906,57.99999999999999,2374.173061142188,0,31
1907,57.99999999999999,2367.4355868920197,0,31
1908,56.99999999999999,2360.6614677395196,0,30
1909,56.99999999999999,2353.940610639041,0,30
1910,56.99999999999999,2347.298702189031,0,30
1911,56.00000000000001,2340.721491985705,0,29
1912,56.00000000000001,2334.18136892909,0,29
1913,56.00000000000001,2327.605519045153,0,29
1914,56.00000000000001,2321.0811487602964,0,29
1915,56.00000000000001,2314.5787210980493,0,29
1916,56.00000000000001,2307.9431116294872,0,29
1917,56.00000000000001,2301.376616659138,0,29
1918,55.00000000000001,2294.9090563114264,0,28
1919,55.00000000000001,2288.6722548634334,0,28
1920,55.00000000000001,2282.3335794381164,0,28
1921,54.0,2276.029760092072,0,54
1922,54.0,2267.9548919545414,0,54
1923,54.0,2259.7982773342715,0,54
1924,54.0,2251.703136323863,0,54
1925,53.0,2243.495717956153,0,53
1926,53.0,2235.624276977364,0,53
1927,53.0,2227.4518222126408,0,53
1928,53.0,2219.601244307672,0,53
1929,53.0,2211.5443339598996,0,53
1930,53.0,2203.570875150139,0,53
1931,53.0,2195.6780311520583,0,27
1932,53.0,2189.527792833591,0,27
1933,53.0,2183.3489990260055,0,27
1934,52.0,2177.105394510634,0,26
1935,52.0,2171.2255409389527,0,26
1936,52.0,2165.257253764855,0,26
1937,52.0,2159.305433833522,0,26
1938,52.0,2153.245085398045,0,26
1939,52.0,2147.22342848212,0,26
1940,52.0,2141.175605988598,0,26
1941,52.0,2135.237911863363,0,26
1942,52.0,2129.1467733516274,0,26
1943,52.0,2123.183593402182,0,26
1944,52.0,2117.2539386366125,0,26
1945,52.0,2111.2140904025387,0,26
1946,52.0,2105.236110619185,0,26
1947,52.0,2099.120283748055,0,26
1948,52.0,2093.032621801464,0,26
1949,52.0,2087.1798250676848,0,26
1950,52.0,2081.057592959899,0,26
1951,52.0,2075.218957635837,0,52
1952,52.0,2064.0544733038982,0,52
1953,52.0,2054.7113303168485,0,52
1954,52.0,2045.233194268791,0,52
1955,52.0,2036.014212648363,0,52
1956,51.0,2027.3475328232744,0,51
1957,51.0,2018.0745338530348,0,51
1958,51.0,2010.4087001138685,0,51
1959,51.0,2002.688849089314,0,51
1960,51.0,1993.5820049820177,0,51
1961,50.0,1984.4990620806614,0,27
1962,50.0,1978.5290003553932,0,27
1963,50.0,1972.5397414661043,0,27
1964,50.0,1966.7500005740796,0,27
1965,50.0,1960.8763976012822,0,27
1966,50.0,1953.4482502092214,0,27
1967,50.0,1945.7465680146524,0,27
1968,50.0,1938.158229443155,0,27
1969,50.0,1932.3122895505232,0,27
1970,50.0,1926.424010206447,0,27
1971,50.0,1919.013262174673,0,27
1972,50.0,1913.3274117477563,0,27
1973,50.0,1907.4164407529238,0,27
1974,50.0,1901.6350737318485,0,27
1975,49.0,1895.7497425167442,0,26
1976,49.0,1888.4329160063758,0,26
1977,49.0,1882.5530610907608,0,26
1978,49.0,1876.9441422484151,0,26
1979,49.0,1871.2532818389045,0,26
1980,49.0,1865.5707020313791,0,26
1981,49.0,1859.7851083931027,0,49
1982,49.0,1852.3590783232019,0,49
1983,49.0,1844.8216168887807,0,49
1984,49.0,1837.34598023781,0,49
1985,49.0,1829.8381168338406,0,49
1986,49.0,1822.7220707599347,0,48
1987,47.0,1813.8537377615464,0,46
1988,47.0,1805.2181496740504,0,46
1989,47.0,1796.7209966528706,0,46
1990,47.0,1788.149743797747,0,46
1991,47.0,1779.7920085080239,0,24
1992,46.0,1772.8357828844673,0,23
1993,46.0,1765.987194726802,0,23
1994,46.0,1759.0249550698425,0,23
1995,46.0,1752.2257272861123,0,23
1996,46.0,1745.328112061426,0,23
1997,46.0,1738.4014146503582,0,23
1998,46.0,1731.2875785575231,0,23
1999,46.0,1724.4713837165616,0,23
2000,46.0,1717.827766143197,0,23
2001,45.0,1710.9234749184193,0,22
2002,45.0,1704.1451728807303,0,22
2003,44.0,1698.051329966312,0,21
2004,44.0,1692.9417759973126,0,21
2005,44.0,1687.9717441636149,0,21
2006,44.0,1683.1225789665434,0,21
2007,44.0,1678.1766860442435,0,21
2008,44.0,1673.1336137230078,0,21
2009,44.0,1668.1081600769162,0,21
2010,44.0,1663.1033146760747,0,21
2011,44.0,1658.0278696491955,0,44
2012,44.0,1651.5200566511253,0,44
2013,44.0,1644.8629603407344,0,44
2014,44.0,1638.3213045598063,0,44
2015,44.0,1631.6839920837444,0,44
2016,44.0,1625.2972924137248,0,44
2017,44.0,1618.713028179148,0,44
2018,44.0,1612.1143085925924,0,44
2019,44.0,1605.5716492016775,0,44
2020,44.0,1599.041283745641,0,44
2021,44.0,1592.2703785436802,0,21
2022,44.0,1587.3045870478793,0,21
2023,44.0,1582.4149469417575,0,21
2024,44.0,1577.4519239029858,0,21
2025,44.0,1572.4200100314806,0,21
2026,44.0,1567.4377550847892,0,21
2027,44.0,1562.4433362457003,0,21
2028,44.0,1557.4690202376964,0,21
2029,44.0,1552.4649202118865,0,21
2030,44.0,1547.4492832965007,0,21
2031,44.0,1542.5730611645572,0,21
2032,44.0,1537.5817067313262,0,21
2033,44.0,1532.6076332328182,0,21
2034,44.0,1527.544442787177,0,21
2035,44.0,1522.6047228994896,0,21
2036,44.0,1517.5168835359027,0,21
2037,44.0,1512.4849159907408,0,21
2038,44.0,1507.4957485734728,0,21
2039,44.0,1502.5275983913557,0,21
2040,44.0,1497.4154263883418,0,21
2041,44.0,1492.5745990003854,0,44
2042,44.0,1485.900948372453,0,44
2043,44.0,1479.302568702818,0,44
2044,44.0,1472.6990318613762,0,44
2045,43.0,1466.311943600402,0,43
2046,43.0,1459.823098857392,0,43
2047,43.0,1453.4173018367542,0,43
2048,42.0,1447.139576714029,0,42
2049,42.0,1440.7493368732041,0,42
2050,42.0,1434.4771795865781,0,42
2051,42.0,1428.1478751905463,0,19
2052,42.0,1423.3822941472777,0,19
2053,42.0,1418.7714102965426,0,19
2054,42.0,1414.1373908032265,0,19
2055,42.0,1409.4740066857214,0,19
2056,42.0,1404.8561637337123,0,19
2057,42.0,1400.2645573500167,0,19
2058,42.0,1395.5005275824328,0,19
2059,42.0,1390.7564852265668,0,19
2060,42.0,1386.0444147242683,0,19
2061,42.0,1381.4184813702616,0,19
2062,42.0,1376.7784529927756,0,19
2063,42.0,1372.0584853552405,0,19
2064,42.0,1367.447771589546,0,19
2065,42.0,1362.8344454209719,0,19
2066,42.0,1358.1949151599376,0,19
2067,41.0,1353.5766302855866,0,18
2068,41.0,1348.9725644967898,0,18
2069,41.0,1344.4258813373194,0,18
2070,41.0,1339.9270251967148,0,18
2071,41.0,1335.3064025073147,0,41
2072,41.0,1329.0906267493988,0,41
2073,40.0,1323.179485163396,0,40
2074,40.0,1317.067844444619,0,40
2075,40.0,1311.0825271306169,0,40
2076,40.0,1305.1368387917137,0,40
2077,40.0,1299.1257605792875,0,40
2078,40.0,1293.2030385638664,0,40
2079,40.0,1287.350286240462,0,40
2080,40.0,1281.3271789019984,0,40
2081,40.0,1275.3698229228628,0,17
2082,40.0,1270.961906646176,0,17
2083,40.0,1266.5360172290252,0,17
2084,39.0,1262.2378022841056,0,16
2085,39.0,1257.9612549995568,0,16
2086,39.0,1253.7848771698148,0,16
2087,39.0,1249.425173554655,0,16
2088,39.0,1245.0967644025316,0,16
2089,39.0,1240.6600055937104,0,16
2090,39.0,1236.5085534543985,0,16
2091,39.0,1232.1466054936195,0,16
2092,39.0,1227.893862038498,0,16
2093,39.0,1223.582440409871,0,16
2094,39.0,1219.4140706364362,0,16
2095,39.0,1215.1551054400475,0,16
2096,39.0,1210.8727667212404,0,16
2097,39.0,1206.595775060177,0,16
2098,39.0,1202.3964480515813,0,16
2099,39.0,1198.1550829435782,0,16
2100,39.0,1193.8906918794116,0,16
2101,39.0,1188.3902480906452,0,39
2102,39.0,1182.5873886851602,0,39
2103,38.0,1176.9295889883533,0,38
2104,38.0,1171.3404819742148,0,38
2105,38.0,1165.7615151682498,0,38
2106,38.0,1160.2644105992906,0,38
2107,38.0,1154.5850817592163,0,38
2108,38.0,1148.8563686579448,0,38
2109,38.0,1143.1995809077605,0,38
2110,38.0,1137.504514063647,0,25
2111,38.0,1132.6613590602287,0,20
2112,38.0,1128.2997739340549,0,20
2113,38.0,1123.7984405880818,0,20
2114,38.0,1119.3833920818647,0,20
2115,38.0,1114.9470171862592,0,20
2116,38.0,1110.5257470491829,0,20
2117,38.0,1106.0984474689092,0,20
2118,38.0,1101.6979448629484,0,20
2119,38.0,1097.2088211122616,0,20
2120,38.0,1092.7478353811152,0,20
2121,38.0,1088.18972380823,0,20
2122,38.0,1083.7874819327951,0,20
2123,38.0,1079.204177746966,0,20
2124,38.0,1074.7482437628487,0,20
2125,38.0,1070.2719112142668,0,20
2126,38.0,1065.8172904489627,0,20
2127,38.0,1061.3437210798834,0,20
2128,38.0,1056.9456056345875,0,20
2129,38.0,1052.5075181339462,0,20
2130,38.0,1047.9778657106542,0,20
2131,38.0,1043.5484191898502,0,38
2132,38.0,1037.821236551044,0,38
2133,38.0,1032.047786421116,0,38
2134,38.0,1026.3299946129428,0,38
2135,38.0,1020.7222959058437,0,38
2136,38.0,1015.0041478078076,0,38
2137,38.0,1009.374653009352,0,38
2138,37.0,1003.7812769445668,0,37
2139,37.0,998.3380150015519,0,37
2140,37.0,992.8751700286992,0,37
2141,37.0,987.3019525387946,0,20
2142,37.0,982.8984610302844,0,20
2143,37.0,978.4369063557467,0,20
2144,37.0,974.0952362759588,0,20
2145,37.0,969.7076781991384,0,20
2146,37.0,965.3913619810986,0,20
2147,37.0,961.0333817435234,0,20
2148,37.0,956.7174749417437,0,20
2149,37.0,952.2917585337691,0,20
2150,37.0,947.9579040914809,0,20
2151,37.0,943.4803322708731,0,20
2152,37.0,939.1881284626577,0,20
2153,37.0,934.8893648080658,0,20
2154,37.0,930.578296215484,0,20
2155,37.0,926.2526856185851,0,20
2156,37.0,921.9023767855438,0,20
2157,36.0,917.8138187122322,0,19
2158,36.0,913.6760559704949,0,19
2159,35.0,909.473048308897,0,18
2160,35.0,905.4052193954676,0,18
2161,35.0,901.4328310300392,0,35
2162,34.0,896.2668352913211,0,34
2163,33.0,891.1712092183809,0,33
2164,33.0,886.2782728649206,0,33
2165,33.0,881.2841467106041,0,33
2166,33.0,876.4234052433256,0,33
2167,32.0,871.475284441931,0,32
2168,32.0,866.5932421886021,0,32
2169,32.0,861.5788810629758,0,32
2170,32.0,856.8974034245767,0,32
2171,32.0,852.1165630971345,0,17
2172,32.0,848.3982327966834,0,17
2173,32.0,844.6638663135336,0,17
2174,32.0,840.887224818025,0,17
2175,32.0,837.1459511901968,0,17
2176,32.0,833.4170943895931,0,17
2177,32.0,829.8738342487612,0,17
2178,32.0,826.0383040597533,0,17
2179,32.0,822.299693953942,0,17
2180,32.0,818.5236627891042,0,17
2181,32.0,815.0047257422457,0,17
2182,32.0,811.2204143099235,0,17
2183,32.0,807.4530322026667,0,17
2184,32.0,803.7177023292461,0,17
2185,32.0,800.0370730170805,0,17
2186,32.0,796.2409764283898,0,17
2187,32.0,792.5553650150862,0,17
2188,32.0,788.6593706634337,0,17
2189,32.0,784.9979108989423,0,17
2190,32.0,781.2797585350673,0,17
2191,32.0,777.5033962548621,0,32
2192,32.0,772.6994679121794,0,32
2193,32.0,767.8928581170571,0,32
2194,32.0,763.2077697436058,0,32
2195,32.0,758.3015557824488,0,32
2196,32.0,753.5781247883709,0,32
2197,32.0,748.7780103427928,0,32
2198,32.0,744.0270044333448,0,32
2199,32.0,739.2274376037456,0,32
2200,32.0,734.426531280324,0,32
2201,31.0,729.6243239511331,0,17
2202,31.0,725.8354015470428,0,17
2203,31.0,722.0882593988135,0,17
2204,31.0,718.4744137854307,0,17
2205,31.0,714.7266537874177,0,17
2206,31.0,711.2265532622629,0,17
2207,31.0,707.4946810966684,0,17
2208,30.0,703.9097362687896,0,16
2209,30.0,700.4789485894072,0,16
2210,30.0,696.9569298943576,0,16
2211,30.0,693.51934753979,0,16
2212,30.0,690.0232864756541,0,16
2213,30.0,686.5320681884382,0,16
2214,30.0,683.0490330970118,0,16
2215,30.0,679.4672635986578,0,16
2216,30.0,675.9614361733728,0,16
2217,30.0,672.4207621836136,0,16
2218,30.0,668.8309267052242,0,16
2219,30.0,665.2907095311168,0,16
2220,30.0,661.8551684431131,0,16
2221,30.0,658.3920895379156,0,30
2222,30.0,653.8033162718762,0,30
2223,30.0,649.3219984670294,0,30
2224,30.0,644.7650914075228,0,30
2225,30.0,640.3190467312561,0,30
2226,30.0,635.7173385910933,0,30
2227,30.0,631.1280201661666,0,30
2228,30.0,626.6202813480883,0,30
2229,30.0,621.9982388367837,0,30
2230,30.0,617.3945235910508,0,30
2231,30.0,612.8400725016174,0,16
2232,30.0,609.3252561236344,0,16
2233,30.0,605.6889817014867,0,16
2234,30.0,602.2135315266232,0,16
2235,30.0,598.6346436209478,0,16
2236,30.0,595.0437906214984,0,16
2237,30.0,591.5132361651888,0,16
2238,30.0,587.9443330497506,0,16
2239,30.0,584.3539427600473,0,16
2240,30.0,580.8414102313345,0,16
2241,30.0,577.3509662205643,0,16
2242,30.0,573.7898674519481,0,16
2243,30.0,570.2606897332296,0,16
2244,30.0,566.7020409836276,0,16
2245,28.999999999999996,563.1556597438566,0,16
2246,28.999999999999996,559.6982251700837,0,16
2247,28.999999999999996,556.2456273181396,0,16
2248,28.999999999999996,552.7434946351046,0,16
2249,28.999999999999996,549.3255565952185,0,16
2250,28.999999999999996,545.8640690663254,0,16
2251,28.999999999999996,542.4514314786621,0,29
2252,28.999999999999996,538.0094161349751,0,29
2253,28.999999999999996,533.6123168727343,0,29
2254,28.999999999999996,529.2634552995329,0,29
2255,28.999999999999996,524.8189172110045,0,29
2256,28.999999999999996,520.4699773105153,0,29
2257,28.999999999999996,516.1000890081225,0,29
2258,28.999999999999996,511.68938789179754,0,29
2259,28.999999999999996,507.2808975305026,0,29
2260,28.999999999999996,502.85682376487114,0,29
2261,28.999999999999996,498.47277984615505,0,16
2262,28.999999999999996,495.0893054089802,0,16
2263,28.999999999999996,491.66621107096455,0,16
2264,28.999999999999996,488.2774949035667,0,16
2265,28.000000000000004,484.8349753750619,0,16
2266,28.000000000000004,481.4937694666235,0,16
2267,28.000000000000004,478.1445474548486,0,16
2268,28.000000000000004,474.78799686444125,0,16
2269,28.000000000000004,471.38397719549243,0,16
2270,28.000000000000004,468.09330598878034,0,16
2271,28.000000000000004,464.6136238002757,0,16
2272,28.000000000000004,461.3010622363388,0,16
2273,28.000000000000004,458.01316974923327,0,16
2274,28.000000000000004,454.72628187769675,0,16
2275,28.000000000000004,451.44351495591707,0,16
2276,28.000000000000004,447.912435161044,0,16
2277,27.0,444.65252937920275,0,15
2278,27.0,441.47060242223074,0,15
2279,27.0,438.30760080965547,0,15
2280,27.0,435.19618254091955,0,15
2281,27.0,431.97444182643113,0,27
2282,26.0,428.0262468955072,0,26
2283,26.0,424.1332126346448,0,26
2284,26.0,420.25406514871963,0,26
2285,26.0,416.27847485695503,0,26
2286,25.0,412.27714236547064,0,25
2287,25.0,408.41645743434293,0,25
2288,25.0,404.63244284197594,0,25
2289,25.0,400.9618778052196,0,25
2290,24.0,397.3775112090754,0,24
2291,24.0,393.6957296686465,0,14
2292,24.0,390.78331921778164,0,14
2293,24.0,387.88754968608464,0,14
2294,24.0,384.96478193349475,0,14
2295,24.0,382.0172928986937,0,14
2296,24.0,379.1082556307835,0,14
2297,24.0,376.2663484770012,0,14
2298,24.0,373.3364776632554,0,14
2299,24.0,370.4246171967023,0,14
2300,24.0,367.5424000110695,0,14
2301,24.0,364.5941567557365,0,14
2302,24.0,361.6915230478145,0,14
2303,24.0,358.7893960294578,0,14
2304,24.0,355.9409364976316,0,14
2305,24.0,352.98643518524244,0,14
2306,24.0,350.0467455184527,0,14
2307,24.0,347.2820469335213,0,14
2308,24.0,344.40732482126464,0,14
2309,24.0,341.60181497190183,0,14
2310,24.0,338.6883409882192,0,14
2311,24.0,335.769484586478,0,24
2312,24.0,332.19413398850793,0,24
2313,24.0,328.66150402486926,0,24
2314,24.0,325.0519160024735,0,24
2315,24.0,321.46402159293496,0,24
2316,23.0,317.9716621871163,0,23
2317,23.0,314.54597544528355,0,23
2318,23.0,311.05165256344975,0,23
2319,23.0,307.625819030607,0,23
2320,23.0,304.1749756620627,0,23
2321,23.0,300.6662675669723,0,13
2322,23.0,297.96566223825823,0,13
2323,23.0,295.2094699231213,0,13
2324,23.0,292.44519017444316,0,13
2325,22.0,289.79731534959626,0,12
2326,22.0,287.21020179054904,0,12
2327,21.0,284.61080215986175,0,11
2328,20.0,282.25106011336516,0,11
2329,19.0,280.0215054549938,0,10
2330,19.0,277.8238315474184,0,10
2331,19.0,275.71883025469936,0,10
2332,19.0,273.4365978471671,0,10
2333,19.0,271.2697870511495,0,10
2334,19.0,269.00421124021665,0,10
2335,19.0,266.77972327736444,0,10
2336,19.0,264.54302752004645,0,10
2337,19.0,262.3325645544595,0,10
2338,19.0,260.1242060845794,0,10
2339,19.0,257.88144217152336,0,10
2340,19.0,255.58927869346078,0,10
2341,19.0,253.3934155970428,0,19
2342,19.0,250.57629152779717,0,19
2343,19.0,247.7670416786796,0,19
2344,18.0,244.97618871402358,0,18
2345,17.0,242.3176022713708,0,17
2346,17.0,239.75949349776116,0,17
2347,17.0,237.17514708711724,0,17
2348,16.0,234.74035743826948,0,16
2349,16.0,232.35344540876653,0,16
2350,16.0,230.00201817536785,0,16
2351,16.0,227.72425019607704,0,8
2352,16.0,225.88796032881402,0,8
2353,16.0,223.99154355511382,0,8
2354,16.0,222.1879183290127,0,8
2355,16.0,220.28341914896177,0,8
2356,16.0,218.45954254530858,0,8
2357,16.0,216.6537521167215,0,8
2358,16.0,214.81253471767064,0,8
2359,16.0,212.96772820528108,0,8
2360,16.0,211.07377739862977,0,8
2361,16.0,209.26250452909125,0,8
2362,16.0,207.4612233601882,0,8
2363,16.0,205.63431336653247,0,8
2364,16.0,203.83619671030223,0,8
2365,16.0,201.93189009016373,0,8
2366,16.0,200.11830338284304,0,8
2367,15.0,198.39094715927317,0,8
2368,15.0,196.67359109366853,0,8
2369,15.0,194.92107520852753,0,8
2370,15.0,193.16346149621734,0,8
2371,15.0,191.37153772342486,0,15
2372,15.0,189.13214368758378,0,15
2373,15.0,186.8627050880396,0,15
2374,15.0,184.6098736469859,0,15
2375,15.0,182.33449839645482,0,15
2376,15.0,180.14721497418685,0,15
2377,15.0,177.89043675767846,0,15
2378,15.0,175.6307958166016,0,15
2379,15.0,173.41892381821427,0,15
2380,15.0,171.08266969276144,0,15
2381,15.0,168.84266367535815,0,8
2382,15.0,167.10596104934245,0,8
2383,15.0,165.36076239926317,0,8
2384,15.0,163.63768814861206,0,8
2385,15.0,161.939098303128,0,8
2386,15.0,160.1373565796094,0,8
2387,15.0,158.3702563823177,0,8
2388,15.0,156.59762644776725,0,8
2389,15.0,154.78442743762497,0,8
2390,15.0,152.9303403520779,0,8
2391,15.0,151.1245181376784,0,8
2392,15.0,149.37417885438958,0,8
2393,15.0,147.6457223237055,0,8
2394,15.0,145.9009239725175,0,8
2395,15.0,144.17195497252513,0,8
2396,15.0,142.41531283430183,0,8
2397,15.0,140.6834211852971,0,8
2398,15.0,138.90432186459051,0,8
2399,15.0,137.11589764684663,0,8
2400,15.0,135.35750607271044,0,8
2401,15.0,133.25600670152198,0,15
2402,15.0,131.02309652338454,0,15
2403,15.0,128.81294485907367,0,15
2404,15.0,126.51582392097947,0,15
2405,15.0,124.21648236175434,0,15
2406,15.0,121.89328547653973,0,15
2407,15.0,119.71471019910858,0,15
2408,14.000000000000002,117.5766666124641,0,14
2409,14.000000000000002,115.43877777871641,0,14
2410,14.000000000000002,113.3411484758505,0,11
2411,14.000000000000002,111.3879689853871,0,9
2412,14.000000000000002,109.62501028452994,0,9
2413,14.000000000000002,107.83625063715908,0,9
2414,13.0,106.25062580560126,0,8
2415,13.0,104.65576015872006,0,8
2416,12.0,103.09958960880164,0,7
2417,12.0,101.6225773805972,0,7
2418,12.0,100.09466380795327,0,7
2419,11.0,98.71595197017946,0,7
2420,11.0,97.40923090935185,0,7
2421,11.0,96.02827719268042,0,7
2422,10.0,94.717892142054,0,6
2423,10.0,93.44706116259077,0,6
2424,10.0,92.26340720109184,0,6
2425,10.0,91.09335533662015,0,6
2426,9.0,89.96332565896212,0,5
2427,9.0,88.92923523484384,0,5
2428,9.0,87.89535954287915,0,5
2429,9.0,86.82503109159906,0,5
2430,9.0,85.74516038222764,0,5
2431,9.0,84.70153924028519,0,9
2432,9.0,83.36087922649892,0,9
2433,9.0,82.02376716146644,0,9
2434,9.0,80.67258961220723,0,9
2435,9.0,79.29475749479833,0,9
2436,9.0,77.97593310072706,0,9
2437,8.0,76.65821224081625,0,8
2438,7.000000000000001,75.51387353291516,0,7
2439,6.0,74.48241352929925,0,6
2440,6.0,73.61048021775933,0,6
2441,6.0,72.66071110228566,0,2
2442,5.0,72.11457557670131,0,2
2443,5.0,71.57623255107346,0,2
2444,5.0,71.03888345825763,0,2
2445,5.0,70.4901050069612,0,2
2446,5.0,69.90690367907177,0,2
2447,5.0,69.38285845756127,0,2
2448,5.0,68.8264410340833,0,2
2449,5.0,68.27204833894338,0,2
2450,5.0,67.71722306445817,0,2
2451,5.0,67.15066362992779,0,2
2452,5.0,66.58180759787957,0,2
2453,5.0,66.04368323350245,0,2
2454,5.0,65.51417879113308,0,2
2455,5.0,64.985740400368,0,2
2456,5.0,64.46435484610784,0,2
2457,5.0,63.92616504188167,0,2
2458,5.0,63.359039852401544,0,2
2459,5.0,62.79534025938972,0,2
2460,5.0,62.28004229163569,0,2
2461,4.0,61.741324972791915,0,4
2462,4.0,61.10099535399819,0,4
2463,4.0,60.49239903194874,0,4
2464,4.0,59.84916111229759,0,4
2465,4.0,59.27216960166626,0,4
2466,4.0,58.64910744715243,0,4
2467,4.0,58.02902043218834,0,4
2468,4.0,57.44649095731924,0,4
2469,4.0,56.81814397436198,0,4
2470,4.0,56.208963337546905,0,4
2471,4.0,55.65762889723652,0,1
2472,4.0,55.25742821774638,0,1
2473,4.0,54.85373290506693,0,1
2474,4.0,54.459990369030066,0,1
2475,4.0,54.06196627059941,0,1
2476,4.0,53.65847530209761,0,1
2477,4.0,53.26622724108159,0,1
2478,4.0,52.88050365450532,0,1
2479,4.0,52.51459155005612,0,1
2480,4.0,52.13074700177708,0,1
2481,4.0,51.71960767367201,0,1
2482,4.0,51.311093682470215,0,1
2483,4.0,50.93562005689596,0,1
2484,4.0,50.54403629504907,0,1
2485,4.0,50.167349276023586,0,1
2486,4.0,49.792724990095785,0,1
2487,4.0,49.428043535471105,0,1
2488,4.0,49.06776385370767,0,1
2489,4.0,48.67285911078109,0,1
2490,4.0,48.29629526118006,0,1
2491,4.0,47.92613094269264,0,4
2492,4.0,47.278302395376016,0,4
2493,4.0,46.64500147103,0,4
2494,4.0,46.03821874961979,0,4
2495,4.0,45.453899220165574,0,4
2496,4.0,44.85945932897595,0,4
2497,4.0,44.25261422111445,0,4
2498,4.0,43.66314519832077,0,4
2499,4.0,43.079514366491715,0,4
2500,4.0,42.4629836174778,0,4
2501,4.0,41.86343612280103,0,1
2502,4.0,41.51114954689088,0,1
2503,4.0,41.13412912733063,0,1
2504,4.0,40.74798204157911,0,1
2505,4.0,40.341785178093886,0,1
2506,3.0,39.987804573470704,0,1
2507,3.0,39.667175014164506,0,1
2508,3.0,39.353407904728606,0,1
2509,3.0,39.03722658635687,0,1
2510,3.0,38.73739331132814,0,1
2511,3.0,38.399956000285016,0,1
2512,3.0,38.11106539242275,0,1
2513,3.0,37.80384170660496,0,1
2514,3.0,37.48875213713323,0,1
2515,3.0,37.18601539052762,0,1
2516,3.0,36.849902862929454,0,1
2517,3.0,36.520957205725594,0,1
2518,3.0,36.23252134663379,0,1
2519,3.0,35.9292667018577,0,1
2520,3.0,35.594486646395175,0,1
2521,3.0,35.26751689166827,0,3
2522,3.0,34.84676585210585,0,3
2523,3.0,34.4207964523889,0,3
2524,3.0,33.96098358935389,0,3
2525,3.0,33.505118711458564,0,3
2526,3.0,33.09090920904006,0,3
2527,2.0,32.666919300350784,0,2
2528,2.0,32.329164388815535,0,2
2529,2.0,32.00381013522112,0,2
2530,2.0,31.718474989774254,0,2
2531,2.0,31.397910418204876,0,1
2532,2.0,31.163362880871052,0,1
2533,2.0,30.937231031509967,0,1
2534,2.0,30.705897049890705,0,1
2535,2.0,30.494062784859302,0,1
2536,2.0,30.27589059183036,0,1
2537,2.0,30.06821234516243,0,1
2538,2.0,29.840522257942194,0,1
2539,2.0,29.610294589838958,0,1
2540,2.0,29.40278952418173,0,1
2541,2.0,29.183201850692967,0,1
2542,2.0,28.933668089144703,0,1
2543,2.0,28.708490346728894,0,1
2544,2.0,28.47170930972991,0,1
2545,1.0,28.285331208590435,0,1
2546,1.0,28.147820942415322,0,1
2547,1.0,27.988680639823592,0,1
2548,1.0,27.85730922336244,0,1
2549,1.0,27.70155667276918,0,1
2550,1.0,27.533511922717594,0,1
2551,1.0,27.38881515329234,0,1
2552,1.0,27.255599675566437,0,1
2553,1.0,27.108620600875888,0,1
2554,1.0,26.93974983414221,0,1
2555,1.0,26.79154078445351,0,1
2556,1.0,26.627426730083457,0,1
2557,1.0,26.485019658273686,0,1
2558,1.0,26.327038374192956,0,1
2559,1.0,26.18883571999254,0,1
2560,1.0,26.024181799781392,0,1
2561,1.0,25.86298733380567,0,1
2562,1.0,25.7069167183654,0,1
2563,1.0,25.556783008444576,0,1
2564,1.0,25.402850576031316,0,1
2565,1.0,25.232712582419932,0,1
2566,1.0,25.09093666048301,0,1
2567,1.0,24.925068529595418,0,1
2568,1.0,24.76609655840945,0,1
2569,1.0,24.630131490119606,0,1
2570,1.0,24.4744776214384,0,1
2571,1.0,24.333709122654522,0,1
2572,1.0,24.191252640229084,0,1
2573,1.0,24.040640992022826,0,1
2574,1.0,23.881491773283717,0,1
2575,1.0,23.741113762530087,0,1
2576,1.0,23.603722882608707,0,1
2577,1.0,23.44579872427786,0,1
2578,1.0,23.294161588725146,0,1
2579,1.0,23.126325824325924,0,1
2580,1.0,22.962067546787694,0,1
2581,1.0,22.818950588442835,0,1
2582,1.0,22.66960525831985,0,1
2583,1.0,22.51110973492143,0,1
2584,1.0,22.353341330242483,0,1
2585,1.0,22.20098624590141,0,1
2586,1.0,22.066607461146507,0,1
2587,1.0,21.926644368022924,0,1
2588,1.0,21.77459070352822,0,1
2589,1.0,21.6117814265186,0,1
2590,1.0,21.471393787244633,0,1
2591,1.0,21.311217750879802,0,1
2592,1.0,21.17989053004861,0,1
2593,1.0,21.04158886014719,0,1
2594,1.0,20.882091815982523,0,1
2595,1.0,20.73746639983756,0,1
2596,1.0,20.572914184751642,0,1
2597,1.0,20.404094587561698,0,1
2598,1.0,20.24241416154935,0,1
2599,1.0,20.073755914096026,0,1
2600,1.0,19.906905568880738,0,1
2601,1.0,19.777445385965237,0,1
2602,1.0,19.628298310781172,0,1
2603,1.0,19.49583093550844,0,1
2604,1.0,19.33354160409185,0,1
2605,1.0,19.192133970681265,0,1
2606,1.0,19.025601266615563,0,1
2607,1.0,18.865408285316427,0,1
2608,1.0,18.707492561416124,0,1
2609,1.0,18.537145657549164,0,1
2610,1.0,18.377766766127,0,1
2611,1.0,18.231233373958975,0,1
2612,1.0,18.059280123573874,0,1
2613,1.0,17.895982977840646,0,1
2614,1.0,17.72909960968691,0,1
2615,1.0,17.585163850113116,0,1
2616,1.0,17.43076642472024,0,1
2617,1.0,17.280921796957873,0,1
2618,1.0,17.12882287787138,0,1
2619,1.0,16.98643048848059,0,1
2620,1.0,16.82936757445793,0,1
2621,1.0,16.67017815769169,0,1
2622,1.0,16.519825518848787,0,1
2623,1.0,16.383018352977317,0,1
2624,1.0,16.239697777185537,0,1
2625,1.0,16.09664784579993,0,1
2626,1.0,15.949253474621765,0,1
2627,1.0,15.78219153305568,0,1
2628,1.0,15.628534893146856,0,1
2629,1.0,15.48432648294321,0,1
2630,1.0,15.326240583871694,0,1
2631,1.0,15.163945740596716,0,1
2632,1.0,14.996176368873401,0,1
2633,1.0,14.845418015323288,0,1
2634,1.0,14.71230845263227,0,1
2635,1.0,14.554894672826249,0,1
2636,1.0,14.410616262004279,0,1
2637,1.0,14.275200401045876,0,1
2638,1.0,14.122371043071501,0,1
2639,1.0,13.955717884553232,0,1
2640,1.0,13.808501113832495,0,1
2641,1.0,13.657103291025319,0,1
2642,1.0,13.494552276418746,0,1
2643,1.0,13.349469694864107,0,1
2644,1.0,13.214466355213597,0,1
2645,1.0,13.068517016880898,0,1
2646,1.0,12.933713522652853,0,1
2647,1.0,12.800287409890325,0,1
2648,1.0,12.66104399292764,0,1
2649,1.0,12.495330692141994,0,1
2650,1.0,12.354840195118824,0,1
2651,1.0,12.217666241288631,0,1
2652,1.0,12.053897894325438,0,1
2653,1.0,11.902757280398156,0,1
2654,1.0,11.732523658340481,0,1
2655,1.0,11.584840017460266,0,1
2656,1.0,11.428567285125608,0,1
2657,1.0,11.261000629493232,0,1
2658,1.0,11.13309671252016,0,1
2659,1.0,10.997976875949805,0,1
2660,1.0,10.855429802781718,0,1
2661,1.0,10.709345850276272,0,1
2662,1.0,10.561105933321972,0,1
2663,1.0,10.433097396092373,0,1
2664,1.0,10.299256654935736,0,1
2665,1.0,10.147653047680263,0,1
2666,1.0,9.995195828859606,0,1
2667,1.0,9.864363618257553,0,1
2668,1.0,9.700628474936106,0,1
2669,1.0,9.556914352452386,0,1
2670,1.0,9.402953592551,0,1
2671,1.0,9.260766790021805,0,1
2672,1.0,9.121971559943836,0,1
2673,1.0,8.987260135404036,0,1
2674,1.0,8.829860452644507,0,1
2675,1.0,8.69726512760865,0,1
2676,1.0,8.524970750266801,0,1
2677,1.0,8.373627696482878,0,1
2678,1.0,8.23440808907573,0,1
2679,1.0,8.084553683430215,0,1
2680,1.0,7.919996272049906,0,1
2681,1.0,7.7512935380909695,0,1
2682,1.0,7.59552054836926,0,1
2683,1.0,7.444833138380623,0,1
2684,1.0,7.303613992459018,0,1
2685,1.0,7.159670805279829,0,1
2686,1.0,7.020675948596464,0,1
2687,1.0,6.872889875833759,0,1
2688,1.0,6.729676171302745,0,1
2689,1.0,6.562833559452358,0,1
2690,1.0,6.420727550102817,0,1
2691,1.0,6.25478315671136,0,1
2692,1.0,6.124828900045875,0,1
2693,1.0,5.992925808554182,0,1
2694,1.0,5.833593236541471,0,1
2695,1.0,5.67725390374332,0,1
2696,1.0,5.521643782796981,0,1
2697,1.0,5.374838748446163,0,1
2698,1.0,5.220916915762969,0,1
2699,1.0,5.050494369111508,0,1
2700,1.0,4.910305804912706,0,1
2701,1.0,4.770493589023708,0,1
2702,1.0,4.6037189579955,0,1
2703,1.0,4.445869096812962,0,1
2704,1.0,4.287931897020963,0,1
2705,1.0,4.157929345910007,0,1
2706,1.0,4.023944007908394,0,1
2707,1.0,3.8865695918296894,0,1
2708,1.0,3.7148528454922243,0,1
2709,1.0,3.58507105338279,0,1
2710,1.0,3.450296472810045,0,1
2711,1.0,3.301532259188322,0,1
2712,1.0,3.142414553303283,0,1
2713,1.0,2.9797718056240776,0,1
2714,1.0,2.807787516271597,0,1
2715,1.0,2.6452989621973813,0,1
2716,1.0,2.4909270107511716,0,1
2717,1.0,2.359575583394103,0,1
2718,1.0,2.1884626034037646,0,1
2719,1.0,2.0271021158960814,0,1
2720,1.0,1.8787705054289479,0,1
2721,1.0,1.7163520831717107,0,1
2722,1.0,1.5691031370814166,0,1
2723,1.0,1.422927793202707,0,1
2724,1.0,1.2711236046903882,0,1
2725,1.0,1.1398907429226652,0,1
2726,1.0,0.9996646467228494,0,1
2727,1.0,0.853293749909266,0,1
2728,1.0,0.7208348376161181,0,1
2729,1.0,0.5820261664818474,0,1
2730,1.0,0.433884753034644,0,1
2731,1.0,0.27865144904108363,0,1
2732,1.0,0.14667393243812657,0,1
2733,0.0,0.0,0,0
2734,0.0,0.0,0,0
2735,0.0,0.0,0,0
2736,0.0,0.0,0,0
2737,0.0,0.0,0,0
2738,0.0,0.0,0,0
2739,0.0,0.0,0,0
2740,0.0,0.0,0,0
2741,0.0,0.0,0,0
2742,0.0,0.0,0,0
2743,0.0,0.0,0,0
2744,0.0,0.0,0,0
2745,0.0,0.0,0,0
2746,0.0,0.0,0,0
2747,0.0,0.0,0,0
2748,0.0,0.0,0,0
2749,0.0,0.0,0,0
2750,0.0,0.0,0,0
2751,0.0,0.0,0,0
2752,0.0,0.0,0,0
2753,0.0,0.0,0,0
2754,0.0,0.0,0,0
2755,0.0,0.0,0,0
2756,0.0,0.0,0,0
2757,0.0,0.0,0,0
2758,0.0,0.0,0,0
2759,0.0,0.0,0,0
2760,0.0,0.0,0,0
2761,0.0,0.0,0,0
2762,0.0,0.0,0,0
2763,0.0,0.0,0,0
2764,0.0,0.0,0,0
2765,0.0,0.0,0,0
2766,0.0,0.0,0,0
2767,0.0,0.0,0,0
2768,0.0,0.0,0,0
2769,0.0,0.0,0,0
2770,0.0,0.0,0,0
2771,0.0,0.0,0,0
2772,0.0,0.0,0,0
2773,0.0,0.0,0,0
2774,0.0,0.0,0,0
2775,0.0,0.0,0,0
2776,0.0,0.0,0,0
2777,0.0,0.0,0,0
2778,0.0,0.0,0,0
2779,0.0,0.0,0,0
2780,0.0,0.0,0,0
2781,0.0,0.0,0,0
2782,0.0,0.0,0,0
2783,0.0,0.0,0,0
2784,0.0,0.0,0,0
2785,0.0,0.0,0,0
2786,0.0,0.0,0,0
2787,0.0,0.0,0,0
2788,0.0,0.0,0,0
2789,0.0,0.0,0,0
2790,0.0,0.0,0,0
2791,0.0,0.0,0,0
2792,0.0,0.0,0,0
2793,0.0,0.0,0,0
2794,0.0,0.0,0,0
2795,0.0,0.0,0,0
2796,0.0,0.0,0,0
2797,0.0,0.0,0,0
2798,0.0,0.0,0,0
2799,0.0,0.0,0,0
2800,0.0,0.0,0,0
2801,0.0,0.0,0,0
2802,0.0,0.0,0,0
2803,0.0,0.0,0,0
2804,0.0,0.0,0,0
2805,0.0,0.0,0,0
2806,0.0,0.0,0,0
2807,0.0,0.0,0,0
2808,0.0,0.0,0,0
2809,0.0,0.0,0,0
2810,0.0,0.0,0,0
2811,0.0,0.0,0,0
2812,0.0,0.0,0,0
2813,0.0,0.0,0,0
2814,0.0,0.0,0,0
2815,0.0,0.0,0,0
2816,0.0,0.0,0,0
2817,0.0,0.0,0,0
2818,0.0,0.0,0,0
2819,0.0,0.0,0,0
2820,0.0,0.0,0,0
2821,0.0,0.0,0,0
2822,0.0,0.0,0,0
2823,0.0,0.0,0,0
2824,0.0,0.0,0,0
2825,0.0,0.0,0,0
2826,0.0,0.0,0,0
2827,0.0,0.0,0,0
2828,0.0,0.0,0,0
2829,0.0,0.0,0,0
2830,0.0,0.0,0,0
2831,0.0,0.0,0,0
2832,0.0,0.0,0,0
2833,0.0,0.0,0,0
2834,0.0,0.0,0,0
2835,0.0,0.0,0,0
2836,0.0,0.0,0,0
2837,0.0,0.0,0,0
2838,0.0,0.0,0,0
2839,0.0,0.0,0,0
2840,0.0,0.0,0,0
2841,0.0,0.0,0,0
2842,0.0,0.0,0,0
2843,0.0,0.0,0,0
2844,0.0,0.0,0,0
2845,0.0,0.0,0,0
2846,0.0,0.0,0,0
2847,0.0,0.0,0,0
2848,0.0,0.0,0,0
2849,0.0,0.0,0,0
2850,0.0,0.0,0,0
2851,0.0,0.0,0,0
2852,0.0,0.0,0,0
2853,0.0,0.0,0,0
2854,0.0,0.0,0,0
2855,0.0,0.0,0,0
2856,0.0,0.0,0,0
2857,0.0,0.0,0,0
2858,0.0,0.0,0,0
2859,0.0,0.0,0,0
2860,0.0,0.0,0,0
2861,0.0,0.0,0,0
2862,0.0,0.0,0,0
2863,0.0,0.0,0,0
2864,0.0,0.0,0,0
2865,0.0,0.0,0,0
2866,0.0,0.0,0,0
2867,0.0,0.0,0,0
2868,0.0,0.0,0,0
2869,0.0,0.0,0,0
2870,0.0,0.0,0,0
2871,0.0,0.0,0,0
2872,0.0,0.0,0,0
2873,0.0,0.0,0,0
2874,0.0,0.0,0,0
2875,0.0,0.0,0,0
2876,0.0,0.0,0,0
2877,0.0,0.0,0,0
2878,0.0,0.0,0,0
2879,0.0,0.0,0,0
2880,0.0,0.0,0,0
2881,0.0,0.0,0,0
2882,0.0,0.0,0,0
2883,0.0,0.0,0,0
2884,0.0,0.0,0,0
2885,0.0,0.0,0,0
2886,0.0,0.0,0,0
2887,0.0,0.0,0,0
2888,0.0,0.0,0,0
2889,0.0,0.0,0,0
2890,0.0,0.0,0,0
2891,0.0,0.0,0,0
2892,0.0,0.0,0,0
2893,0.0,0.0,0,0
2894,0.0,0.0,0,0
2895,0.0,0.0,0,0
2896,0.0,0.0,0,0
2897,0.0,0.0,0,0
2898,0.0,0.0,0,0
2899,0.0,0.0,0,0
2900,0.0,0.0,0,0
2901,0.0,0.0,0,0
2902,0.0,0.0,0,0
2903,0.0,0.0,0,0
2904,0.0,0.0,0,0
2905,0.0,0.0,0,0
2906,0.0,0.0,0,0
2907,0.0,0.0,0,0
2908,0.0,0.0,0,0
2909,0.0,0.0,0,0
2910,0.0,0.0,0,0
2911,0.0,0.0,0,0
2912,0.0,0.0,0,0
2913,0.0,0.0,0,0
2914,0.0,0.0,0,0
2915,0.0,0.0,0,0
2916,0.0,0.0,0,0
2917,0.0,0.0,0,0
2918,0.0,0.0,0,0
2919,0.0,0.0,0,0
2920,0.0,0.0,0,0
2921,0.0,0.0,0,0
2922,0.0,0.0,0,0
2923,0.0,0.0,0,0
2924,0.0,0.0,0,0
2925,0.0,0.0,0,0
2926,0.0,0.0,0,0
2927,0.0,0.0,0,0
2928,0.0,0.0,0,0
2929,0.0,0.0,0,0
2930,0.0,0.0,0,0
2931,0.0,0.0,0,0
2932,0.0,0.0,0,0
2933,0.0,0.0,0,0
2934,0.0,0.0,0,0
2935,0.0,0.0,0,0
2936,0.0,0.0,0,0
2937,0.0,0.0,0,0
2938,0.0,0.0,0,0
2939,0.0,0.0,0,0
2940,0.0,0.0,0,0
2941,0.0,0.0,0,0
2942,0.0,0.0,0,0
2943,0.0,0.0,0,0
2944,0.0,0.0,0,0
2945,0.0,0.0,0,0
2946,0.0,0.0,0,0
2947,0.0,0.0,0,0
2948,0.0,0.0,0,0
2949,0.0,0.0,0,0
2950,0.0,0.0,0,0
2951,0.0,0.0,0,0
2952,0.0,0.0,0,0
2953,0.0,0.0,0,0
2954,0.0,0.0,0,0
2955,0.0,0.0,0,0
2956,0.0,0.0,0,0
2957,0.0,0.0,0,0
2958,0.0,0.0,0,0
2959,0.0,0.0,0,0
2960,0.0,0.0,0,0
2961,0.0,0.0,0,0
2962,0.0,0.0,0,0
2963,0.0,0.0,0,0
2964,0.0,0.0,0,0
2965,0.0,0.0,0,0
2966,0.0,0.0,0,0
2967,0.0,0.0,0,0
2968,0.0,0.0,0,0
2969,0.0,0.0,0,0
2970,0.0,0.0,0,0
2971,0.0,0.0,0,0
2972,0.0,0.0,0,0
2973,0.0,0.0,0,0
2974,0.0,0.0,0,0
2975,0.0,0.0,0,0
2976,0.0,0.0,0,0
2977,0.0,0.0,0,0
2978,0.0,0.0,0,0
2979,0.0,0.0,0,0
2980,0.0,0.0,0,0
2981,0.0,0.0,0,0
2982,0.0,0.0,0,0
2983,0.0,0.0,0,0
2984,0.0,0.0,0,0
2985,0.0,0.0,0,0
2986,0.0,0.0,0,0
2987,0.0,0.0,0,0
2988,0.0,0.0,0,0
2989,0.0,0.0,0,0
2990,0.0,0.0,0,0
2991,0.0,0.0,0,0
2992,0.0,0.0,0,0
2993,0.0,0.0,0,0
2994,0.0,0.0,0,0
2995,0.0,0.0,0,0
2996,0.0,0.0,0,0
2997,0.0,0.0,0,0
2998,0.0,0.0,0,0
2999,0.0,0.0,0,0
